timestamp_utc,run_id,test_name,loop_index,loops,runs_per_loop,total_runs,total_elapsed_sec,failures,rapl_package_j,rapl_core_j,rapl_gpu_j,rapl_dram_j,start_pkg_tmp_c,end_pkg_tmp_c,cooldown_wait_sec,cooldown_threshold_c,rapl_1ms_file,query_dir,query_filter,sigless_addr,run_started_utc
"2026-04-20T11:33:36Z","2FFFF73F79C292CE","APX1145-queryA.sql",1,1,1,1,1.583717,0,35.887817382812500000,18.433654785156250000,,,32.000000,35.000000,16.053275,40.0,"logs/temp_controlled_samples/2FFFF73F79C292CE__APX1145-queryA.sql__loop1_run1.rapl.csv","queries","APX1145","127.0.0.1:8000","2026-04-20T11:33:15Z"
"2026-04-20T11:33:39Z","2FFFF73F79C292CE","APX1145-queryB.sql",1,1,1,1,0.492680,0,11.303771972656250000,9.940246582031250000,,,33.000000,34.000000,0.000000,40.0,"logs/temp_controlled_samples/2FFFF73F79C292CE__APX1145-queryB.sql__loop1_run1.rapl.csv","queries","APX1145","127.0.0.1:8000","2026-04-20T11:33:15Z"
"2026-04-20T11:34:38Z","1C899B7B2AD1B571","APX1145-queryA.sql",1,10,1,10,0.604760,0,28.885681152343750000,13.918701171875000000,,,34.000000,34.000000,16.050295,40.0,"logs/temp_controlled_samples/1C899B7B2AD1B571__APX1145-queryA.sql__loop1_run1.rapl.csv","queries","APX1145","127.0.0.1:8000","2026-04-20T11:34:18Z"
"2026-04-20T11:34:57Z","1C899B7B2AD1B571","APX1145-queryA.sql",2,10,1,10,0.599023,0,29.008239746093750000,13.928588867187500000,,,34.000000,35.000000,16.043072,40.0,"logs/temp_controlled_samples/1C899B7B2AD1B571__APX1145-queryA.sql__loop2_run1.rapl.csv","queries","APX1145","127.0.0.1:8000","2026-04-20T11:34:18Z"
"2026-04-20T11:35:15Z","1C899B7B2AD1B571","APX1145-queryA.sql",3,10,1,10,0.603758,0,29.246948242187500000,14.154479980468750000,,,34.000000,35.000000,16.039757,40.0,"logs/temp_controlled_samples/1C899B7B2AD1B571__APX1145-queryA.sql__loop3_run1.rapl.csv","queries","APX1145","127.0.0.1:8000","2026-04-20T11:34:18Z"
"2026-04-20T11:35:34Z","1C899B7B2AD1B571","APX1145-queryA.sql",4,10,1,10,0.601988,0,29.328063964843750000,14.121398925781250000,,,34.000000,35.000000,16.039989,40.0,"logs/temp_controlled_samples/1C899B7B2AD1B571__APX1145-queryA.sql__loop4_run1.rapl.csv","queries","APX1145","127.0.0.1:8000","2026-04-20T11:34:18Z"
"2026-04-20T11:35:53Z","1C899B7B2AD1B571","APX1145-queryA.sql",5,10,1,10,0.604148,0,29.015136718750000000,13.925720214843750000,,,34.000000,35.000000,16.043016,40.0,"logs/temp_controlled_samples/1C899B7B2AD1B571__APX1145-queryA.sql__loop5_run1.rapl.csv","queries","APX1145","127.0.0.1:8000","2026-04-20T11:34:18Z"
"2026-04-20T11:36:11Z","1C899B7B2AD1B571","APX1145-queryA.sql",6,10,1,10,0.600591,0,29.048583984375000000,13.985473632812500000,,,35.000000,35.000000,16.040386,40.0,"logs/temp_controlled_samples/1C899B7B2AD1B571__APX1145-queryA.sql__loop6_run1.rapl.csv","queries","APX1145","127.0.0.1:8000","2026-04-20T11:34:18Z"
"2026-04-20T11:36:30Z","1C899B7B2AD1B571","APX1145-queryA.sql",7,10,1,10,0.592949,0,28.928039550781250000,13.939025878906250000,,,34.000000,36.000000,16.046969,40.0,"logs/temp_controlled_samples/1C899B7B2AD1B571__APX1145-queryA.sql__loop7_run1.rapl.csv","queries","APX1145","127.0.0.1:8000","2026-04-20T11:34:18Z"
"2026-04-20T11:36:49Z","1C899B7B2AD1B571","APX1145-queryA.sql",8,10,1,10,0.609260,0,29.051452636718750000,13.919067382812500000,,,34.000000,36.000000,16.045198,40.0,"logs/temp_controlled_samples/1C899B7B2AD1B571__APX1145-queryA.sql__loop8_run1.rapl.csv","queries","APX1145","127.0.0.1:8000","2026-04-20T11:34:18Z"
"2026-04-20T11:37:08Z","1C899B7B2AD1B571","APX1145-queryA.sql",9,10,1,10,0.605674,0,28.999389648437500000,13.935852050781250000,,,34.000000,35.000000,16.034600,40.0,"logs/temp_controlled_samples/1C899B7B2AD1B571__APX1145-queryA.sql__loop9_run1.rapl.csv","queries","APX1145","127.0.0.1:8000","2026-04-20T11:34:18Z"
"2026-04-20T11:37:26Z","1C899B7B2AD1B571","APX1145-queryA.sql",10,10,1,10,0.605610,0,28.941406250000000000,13.897888183593750000,,,35.000000,36.000000,16.038895,40.0,"logs/temp_controlled_samples/1C899B7B2AD1B571__APX1145-queryA.sql__loop10_run1.rapl.csv","queries","APX1145","127.0.0.1:8000","2026-04-20T11:34:18Z"
"2026-04-20T11:37:45Z","1C899B7B2AD1B571","APX1145-queryB.sql",1,10,1,10,0.444834,0,25.473144531250000000,10.464782714843750000,,,35.000000,36.000000,16.049907,40.0,"logs/temp_controlled_samples/1C899B7B2AD1B571__APX1145-queryB.sql__loop1_run1.rapl.csv","queries","APX1145","127.0.0.1:8000","2026-04-20T11:34:18Z"
"2026-04-20T11:38:04Z","1C899B7B2AD1B571","APX1145-queryB.sql",2,10,1,10,0.449206,0,25.423767089843750000,10.415344238281250000,,,34.000000,35.000000,16.044417,40.0,"logs/temp_controlled_samples/1C899B7B2AD1B571__APX1145-queryB.sql__loop2_run1.rapl.csv","queries","APX1145","127.0.0.1:8000","2026-04-20T11:34:18Z"
"2026-04-20T11:38:22Z","1C899B7B2AD1B571","APX1145-queryB.sql",3,10,1,10,0.447201,0,25.346984863281250000,10.407470703125000000,,,34.000000,35.000000,16.050186,40.0,"logs/temp_controlled_samples/1C899B7B2AD1B571__APX1145-queryB.sql__loop3_run1.rapl.csv","queries","APX1145","127.0.0.1:8000","2026-04-20T11:34:18Z"
"2026-04-20T11:38:41Z","1C899B7B2AD1B571","APX1145-queryB.sql",4,10,1,10,0.439628,0,25.360961914062500000,10.380737304687500000,,,34.000000,35.000000,16.046529,40.0,"logs/temp_controlled_samples/1C899B7B2AD1B571__APX1145-queryB.sql__loop4_run1.rapl.csv","queries","APX1145","127.0.0.1:8000","2026-04-20T11:34:18Z"
"2026-04-20T11:38:59Z","1C899B7B2AD1B571","APX1145-queryB.sql",5,10,1,10,0.445253,0,25.366210937500000000,10.435607910156250000,,,34.000000,35.000000,16.038775,40.0,"logs/temp_controlled_samples/1C899B7B2AD1B571__APX1145-queryB.sql__loop5_run1.rapl.csv","queries","APX1145","127.0.0.1:8000","2026-04-20T11:34:18Z"
"2026-04-20T11:39:18Z","1C899B7B2AD1B571","APX1145-queryB.sql",6,10,1,10,0.443794,0,25.362792968750000000,10.424499511718750000,,,34.000000,35.000000,16.046269,40.0,"logs/temp_controlled_samples/1C899B7B2AD1B571__APX1145-queryB.sql__loop6_run1.rapl.csv","queries","APX1145","127.0.0.1:8000","2026-04-20T11:34:18Z"
"2026-04-20T11:39:37Z","1C899B7B2AD1B571","APX1145-queryB.sql",7,10,1,10,0.443827,0,25.209716796875000000,10.349426269531250000,,,34.000000,35.000000,16.042822,40.0,"logs/temp_controlled_samples/1C899B7B2AD1B571__APX1145-queryB.sql__loop7_run1.rapl.csv","queries","APX1145","127.0.0.1:8000","2026-04-20T11:34:18Z"
"2026-04-20T11:39:55Z","1C899B7B2AD1B571","APX1145-queryB.sql",8,10,1,10,0.439682,0,25.349304199218750000,10.364501953125000000,,,35.000000,35.000000,16.037717,40.0,"logs/temp_controlled_samples/1C899B7B2AD1B571__APX1145-queryB.sql__loop8_run1.rapl.csv","queries","APX1145","127.0.0.1:8000","2026-04-20T11:34:18Z"
"2026-04-20T11:40:14Z","1C899B7B2AD1B571","APX1145-queryB.sql",9,10,1,10,0.443314,0,25.487915039062500000,10.536132812500000000,,,34.000000,36.000000,16.042053,40.0,"logs/temp_controlled_samples/1C899B7B2AD1B571__APX1145-queryB.sql__loop9_run1.rapl.csv","queries","APX1145","127.0.0.1:8000","2026-04-20T11:34:18Z"
"2026-04-20T11:40:16Z","1C899B7B2AD1B571","APX1145-queryB.sql",10,10,1,10,0.445135,0,11.206848144531250000,9.892578125000000000,,,34.000000,35.000000,0.000000,40.0,"logs/temp_controlled_samples/1C899B7B2AD1B571__APX1145-queryB.sql__loop10_run1.rapl.csv","queries","APX1145","127.0.0.1:8000","2026-04-20T11:34:18Z"
"2026-04-20T12:11:56Z","3937CCC4DAFF437B","APX1090-queryA.sql",1,10,1,10,0.927140,0,24.878417968750000000,9.420227050781250000,,,33.000000,34.000000,16.051204,40.0,"logs/temp_controlled_samples/3937CCC4DAFF437B__APX1090-queryA.sql__loop1_run1.rapl.csv","queries","all","127.0.0.1:8000","2026-04-20T12:11:36Z"
"2026-04-20T12:12:15Z","3937CCC4DAFF437B","APX1090-queryA.sql",2,10,1,10,0.867958,0,24.814331054687500000,9.327941894531250000,,,33.000000,34.000000,16.040071,40.0,"logs/temp_controlled_samples/3937CCC4DAFF437B__APX1090-queryA.sql__loop2_run1.rapl.csv","queries","all","127.0.0.1:8000","2026-04-20T12:11:36Z"
"2026-04-20T12:12:34Z","3937CCC4DAFF437B","APX1090-queryA.sql",3,10,1,10,0.864474,0,24.611145019531250000,9.268066406250000000,,,33.000000,35.000000,16.042637,40.0,"logs/temp_controlled_samples/3937CCC4DAFF437B__APX1090-queryA.sql__loop3_run1.rapl.csv","queries","all","127.0.0.1:8000","2026-04-20T12:11:36Z"
"2026-04-20T12:12:53Z","3937CCC4DAFF437B","APX1090-queryA.sql",4,10,1,10,0.904308,0,24.759094238281250000,9.436706542968750000,,,34.000000,35.000000,16.042764,40.0,"logs/temp_controlled_samples/3937CCC4DAFF437B__APX1090-queryA.sql__loop4_run1.rapl.csv","queries","all","127.0.0.1:8000","2026-04-20T12:11:36Z"
"2026-04-20T12:13:12Z","3937CCC4DAFF437B","APX1090-queryA.sql",5,10,1,10,0.868495,0,24.677551269531250000,9.377197265625000000,,,34.000000,34.000000,16.041923,40.0,"logs/temp_controlled_samples/3937CCC4DAFF437B__APX1090-queryA.sql__loop5_run1.rapl.csv","queries","all","127.0.0.1:8000","2026-04-20T12:11:36Z"
"2026-04-20T12:13:31Z","3937CCC4DAFF437B","APX1090-queryA.sql",6,10,1,10,0.863701,0,24.828063964843750000,9.425537109375000000,,,34.000000,34.000000,16.046982,40.0,"logs/temp_controlled_samples/3937CCC4DAFF437B__APX1090-queryA.sql__loop6_run1.rapl.csv","queries","all","127.0.0.1:8000","2026-04-20T12:11:36Z"
"2026-04-20T12:13:50Z","3937CCC4DAFF437B","APX1090-queryA.sql",7,10,1,10,0.905382,0,24.859436035156250000,9.484558105468750000,,,34.000000,35.000000,16.045540,40.0,"logs/temp_controlled_samples/3937CCC4DAFF437B__APX1090-queryA.sql__loop7_run1.rapl.csv","queries","all","127.0.0.1:8000","2026-04-20T12:11:36Z"
"2026-04-20T12:14:09Z","3937CCC4DAFF437B","APX1090-queryA.sql",8,10,1,10,0.904734,0,24.849853515625000000,9.444213867187500000,,,34.000000,35.000000,16.052569,40.0,"logs/temp_controlled_samples/3937CCC4DAFF437B__APX1090-queryA.sql__loop8_run1.rapl.csv","queries","all","127.0.0.1:8000","2026-04-20T12:11:36Z"
"2026-04-20T12:14:28Z","3937CCC4DAFF437B","APX1090-queryA.sql",9,10,1,10,0.878334,0,24.778869628906250000,9.416015625000000000,,,34.000000,35.000000,16.036196,40.0,"logs/temp_controlled_samples/3937CCC4DAFF437B__APX1090-queryA.sql__loop9_run1.rapl.csv","queries","all","127.0.0.1:8000","2026-04-20T12:11:36Z"
"2026-04-20T12:14:47Z","3937CCC4DAFF437B","APX1090-queryA.sql",10,10,1,10,0.908177,0,24.668212890625000000,9.426757812500000000,,,34.000000,35.000000,16.044352,40.0,"logs/temp_controlled_samples/3937CCC4DAFF437B__APX1090-queryA.sql__loop10_run1.rapl.csv","queries","all","127.0.0.1:8000","2026-04-20T12:11:36Z"
"2026-04-20T12:15:06Z","3937CCC4DAFF437B","APX1090-queryB.sql",1,10,1,10,0.990281,0,24.952148437500000000,9.512573242187500000,,,34.000000,35.000000,16.038720,40.0,"logs/temp_controlled_samples/3937CCC4DAFF437B__APX1090-queryB.sql__loop1_run1.rapl.csv","queries","all","127.0.0.1:8000","2026-04-20T12:11:36Z"
"2026-04-20T12:15:25Z","3937CCC4DAFF437B","APX1090-queryB.sql",2,10,1,10,0.873786,0,24.776184082031250000,9.509704589843750000,,,34.000000,35.000000,16.047244,40.0,"logs/temp_controlled_samples/3937CCC4DAFF437B__APX1090-queryB.sql__loop2_run1.rapl.csv","queries","all","127.0.0.1:8000","2026-04-20T12:11:36Z"
"2026-04-20T12:15:44Z","3937CCC4DAFF437B","APX1090-queryB.sql",3,10,1,10,0.879725,0,24.782043457031250000,9.422668457031250000,,,34.000000,35.000000,16.044526,40.0,"logs/temp_controlled_samples/3937CCC4DAFF437B__APX1090-queryB.sql__loop3_run1.rapl.csv","queries","all","127.0.0.1:8000","2026-04-20T12:11:36Z"
"2026-04-20T12:16:03Z","3937CCC4DAFF437B","APX1090-queryB.sql",4,10,1,10,0.883961,0,24.906799316406250000,9.563354492187500000,,,34.000000,35.000000,16.042521,40.0,"logs/temp_controlled_samples/3937CCC4DAFF437B__APX1090-queryB.sql__loop4_run1.rapl.csv","queries","all","127.0.0.1:8000","2026-04-20T12:11:36Z"
"2026-04-20T12:16:22Z","3937CCC4DAFF437B","APX1090-queryB.sql",5,10,1,10,0.881419,0,24.806640625000000000,9.522705078125000000,,,34.000000,35.000000,16.041759,40.0,"logs/temp_controlled_samples/3937CCC4DAFF437B__APX1090-queryB.sql__loop5_run1.rapl.csv","queries","all","127.0.0.1:8000","2026-04-20T12:11:36Z"
"2026-04-20T12:16:41Z","3937CCC4DAFF437B","APX1090-queryB.sql",6,10,1,10,0.901420,0,24.764648437500000000,9.461669921875000000,,,34.000000,35.000000,16.039293,40.0,"logs/temp_controlled_samples/3937CCC4DAFF437B__APX1090-queryB.sql__loop6_run1.rapl.csv","queries","all","127.0.0.1:8000","2026-04-20T12:11:36Z"
"2026-04-20T12:17:00Z","3937CCC4DAFF437B","APX1090-queryB.sql",7,10,1,10,0.883780,0,24.887023925781250000,9.545837402343750000,,,34.000000,35.000000,16.039954,40.0,"logs/temp_controlled_samples/3937CCC4DAFF437B__APX1090-queryB.sql__loop7_run1.rapl.csv","queries","all","127.0.0.1:8000","2026-04-20T12:11:36Z"
"2026-04-20T12:17:19Z","3937CCC4DAFF437B","APX1090-queryB.sql",8,10,1,10,0.880700,0,24.858703613281250000,9.557617187500000000,,,34.000000,35.000000,16.036630,40.0,"logs/temp_controlled_samples/3937CCC4DAFF437B__APX1090-queryB.sql__loop8_run1.rapl.csv","queries","all","127.0.0.1:8000","2026-04-20T12:11:36Z"
"2026-04-20T12:17:38Z","3937CCC4DAFF437B","APX1090-queryB.sql",9,10,1,10,0.876063,0,24.992065429687500000,9.565002441406250000,,,34.000000,35.000000,16.039771,40.0,"logs/temp_controlled_samples/3937CCC4DAFF437B__APX1090-queryB.sql__loop9_run1.rapl.csv","queries","all","127.0.0.1:8000","2026-04-20T12:11:36Z"
"2026-04-20T12:17:57Z","3937CCC4DAFF437B","APX1090-queryB.sql",10,10,1,10,0.872173,0,24.750183105468750000,9.473144531250000000,,,34.000000,35.000000,16.040493,40.0,"logs/temp_controlled_samples/3937CCC4DAFF437B__APX1090-queryB.sql__loop10_run1.rapl.csv","queries","all","127.0.0.1:8000","2026-04-20T12:11:36Z"
"2026-04-20T12:18:17Z","3937CCC4DAFF437B","APX1092-queryA.sql",1,10,1,10,1.034578,0,34.240905761718750000,17.601501464843750000,,,35.000000,36.000000,16.042788,40.0,"logs/temp_controlled_samples/3937CCC4DAFF437B__APX1092-queryA.sql__loop1_run1.rapl.csv","queries","all","127.0.0.1:8000","2026-04-20T12:11:36Z"
"2026-04-20T12:18:36Z","3937CCC4DAFF437B","APX1092-queryA.sql",2,10,1,10,0.959699,0,34.479614257812500000,17.873657226562500000,,,35.000000,36.000000,16.044239,40.0,"logs/temp_controlled_samples/3937CCC4DAFF437B__APX1092-queryA.sql__loop2_run1.rapl.csv","queries","all","127.0.0.1:8000","2026-04-20T12:11:36Z"
"2026-04-20T12:18:55Z","3937CCC4DAFF437B","APX1092-queryA.sql",3,10,1,10,0.951749,0,34.382446289062500000,17.882934570312500000,,,35.000000,37.000000,16.042970,40.0,"logs/temp_controlled_samples/3937CCC4DAFF437B__APX1092-queryA.sql__loop3_run1.rapl.csv","queries","all","127.0.0.1:8000","2026-04-20T12:11:36Z"
"2026-04-20T12:19:14Z","3937CCC4DAFF437B","APX1092-queryA.sql",4,10,1,10,0.974377,0,34.108520507812500000,17.563415527343750000,,,35.000000,37.000000,16.049764,40.0,"logs/temp_controlled_samples/3937CCC4DAFF437B__APX1092-queryA.sql__loop4_run1.rapl.csv","queries","all","127.0.0.1:8000","2026-04-20T12:11:36Z"
"2026-04-20T12:19:33Z","3937CCC4DAFF437B","APX1092-queryA.sql",5,10,1,10,0.960060,0,34.316162109375000000,17.850402832031250000,,,36.000000,37.000000,16.038255,40.0,"logs/temp_controlled_samples/3937CCC4DAFF437B__APX1092-queryA.sql__loop5_run1.rapl.csv","queries","all","127.0.0.1:8000","2026-04-20T12:11:36Z"
"2026-04-20T12:19:52Z","3937CCC4DAFF437B","APX1092-queryA.sql",6,10,1,10,0.987922,0,33.760742187500000000,17.127807617187500000,,,35.000000,37.000000,16.037306,40.0,"logs/temp_controlled_samples/3937CCC4DAFF437B__APX1092-queryA.sql__loop6_run1.rapl.csv","queries","all","127.0.0.1:8000","2026-04-20T12:11:36Z"
"2026-04-20T12:20:11Z","3937CCC4DAFF437B","APX1092-queryA.sql",7,10,1,10,0.942447,0,34.712158203125000000,18.414794921875000000,,,36.000000,37.000000,16.039301,40.0,"logs/temp_controlled_samples/3937CCC4DAFF437B__APX1092-queryA.sql__loop7_run1.rapl.csv","queries","all","127.0.0.1:8000","2026-04-20T12:11:36Z"
"2026-04-20T12:20:30Z","3937CCC4DAFF437B","APX1092-queryA.sql",8,10,1,10,0.939269,0,34.911682128906250000,18.447631835937500000,,,36.000000,37.000000,16.033530,40.0,"logs/temp_controlled_samples/3937CCC4DAFF437B__APX1092-queryA.sql__loop8_run1.rapl.csv","queries","all","127.0.0.1:8000","2026-04-20T12:11:36Z"
"2026-04-20T12:20:49Z","3937CCC4DAFF437B","APX1092-queryA.sql",9,10,1,10,0.953098,0,34.457946777343750000,18.145507812500000000,,,36.000000,37.000000,16.040325,40.0,"logs/temp_controlled_samples/3937CCC4DAFF437B__APX1092-queryA.sql__loop9_run1.rapl.csv","queries","all","127.0.0.1:8000","2026-04-20T12:11:36Z"
"2026-04-20T12:21:08Z","3937CCC4DAFF437B","APX1092-queryA.sql",10,10,1,10,0.954666,0,34.355163574218750000,17.895874023437500000,,,36.000000,37.000000,16.042194,40.0,"logs/temp_controlled_samples/3937CCC4DAFF437B__APX1092-queryA.sql__loop10_run1.rapl.csv","queries","all","127.0.0.1:8000","2026-04-20T12:11:36Z"
"2026-04-20T12:21:28Z","3937CCC4DAFF437B","APX1092-queryB.sql",1,10,1,10,1.030016,0,33.898864746093750000,17.358276367187500000,,,36.000000,37.000000,16.045687,40.0,"logs/temp_controlled_samples/3937CCC4DAFF437B__APX1092-queryB.sql__loop1_run1.rapl.csv","queries","all","127.0.0.1:8000","2026-04-20T12:11:36Z"
"2026-04-20T12:21:47Z","3937CCC4DAFF437B","APX1092-queryB.sql",2,10,1,10,0.950456,0,34.402160644531250000,17.969970703125000000,,,36.000000,37.000000,16.041840,40.0,"logs/temp_controlled_samples/3937CCC4DAFF437B__APX1092-queryB.sql__loop2_run1.rapl.csv","queries","all","127.0.0.1:8000","2026-04-20T12:11:36Z"
"2026-04-20T12:22:06Z","3937CCC4DAFF437B","APX1092-queryB.sql",3,10,1,10,0.953447,0,34.484985351562500000,17.969055175781250000,,,36.000000,37.000000,16.036528,40.0,"logs/temp_controlled_samples/3937CCC4DAFF437B__APX1092-queryB.sql__loop3_run1.rapl.csv","queries","all","127.0.0.1:8000","2026-04-20T12:11:36Z"
"2026-04-20T12:22:25Z","3937CCC4DAFF437B","APX1092-queryB.sql",4,10,1,10,0.970656,0,33.902709960937500000,17.418579101562500000,,,36.000000,37.000000,16.043648,40.0,"logs/temp_controlled_samples/3937CCC4DAFF437B__APX1092-queryB.sql__loop4_run1.rapl.csv","queries","all","127.0.0.1:8000","2026-04-20T12:11:36Z"
"2026-04-20T12:22:44Z","3937CCC4DAFF437B","APX1092-queryB.sql",5,10,1,10,0.974919,0,34.094482421875000000,17.576354980468750000,,,36.000000,38.000000,16.044978,40.0,"logs/temp_controlled_samples/3937CCC4DAFF437B__APX1092-queryB.sql__loop5_run1.rapl.csv","queries","all","127.0.0.1:8000","2026-04-20T12:11:36Z"
"2026-04-20T12:23:03Z","3937CCC4DAFF437B","APX1092-queryB.sql",6,10,1,10,0.984120,0,33.820434570312500000,17.365722656250000000,,,36.000000,37.000000,16.035746,40.0,"logs/temp_controlled_samples/3937CCC4DAFF437B__APX1092-queryB.sql__loop6_run1.rapl.csv","queries","all","127.0.0.1:8000","2026-04-20T12:11:36Z"
"2026-04-20T12:23:22Z","3937CCC4DAFF437B","APX1092-queryB.sql",7,10,1,10,0.962405,0,34.029113769531250000,17.617675781250000000,,,36.000000,37.000000,16.039908,40.0,"logs/temp_controlled_samples/3937CCC4DAFF437B__APX1092-queryB.sql__loop7_run1.rapl.csv","queries","all","127.0.0.1:8000","2026-04-20T12:11:36Z"
"2026-04-20T12:23:41Z","3937CCC4DAFF437B","APX1092-queryB.sql",8,10,1,10,0.953883,0,34.430847167968750000,17.991516113281250000,,,37.000000,37.000000,16.046922,40.0,"logs/temp_controlled_samples/3937CCC4DAFF437B__APX1092-queryB.sql__loop8_run1.rapl.csv","queries","all","127.0.0.1:8000","2026-04-20T12:11:36Z"
"2026-04-20T12:24:00Z","3937CCC4DAFF437B","APX1092-queryB.sql",9,10,1,10,0.966459,0,34.216186523437500000,17.773559570312500000,,,36.000000,37.000000,16.042448,40.0,"logs/temp_controlled_samples/3937CCC4DAFF437B__APX1092-queryB.sql__loop9_run1.rapl.csv","queries","all","127.0.0.1:8000","2026-04-20T12:11:36Z"
"2026-04-20T12:24:20Z","3937CCC4DAFF437B","APX1092-queryB.sql",10,10,1,10,0.985380,0,33.724182128906250000,17.276428222656250000,,,36.000000,38.000000,16.037603,40.0,"logs/temp_controlled_samples/3937CCC4DAFF437B__APX1092-queryB.sql__loop10_run1.rapl.csv","queries","all","127.0.0.1:8000","2026-04-20T12:11:36Z"
"2026-04-20T12:24:39Z","3937CCC4DAFF437B","APX1130-queryA.sql",1,10,1,10,1.546734,0,31.415771484375000000,15.519653320312500000,,,36.000000,37.000000,16.039290,40.0,"logs/temp_controlled_samples/3937CCC4DAFF437B__APX1130-queryA.sql__loop1_run1.rapl.csv","queries","all","127.0.0.1:8000","2026-04-20T12:11:36Z"
"2026-04-20T12:24:59Z","3937CCC4DAFF437B","APX1130-queryA.sql",2,10,1,10,1.545080,0,31.575073242187500000,15.823303222656250000,,,36.000000,37.000000,16.036162,40.0,"logs/temp_controlled_samples/3937CCC4DAFF437B__APX1130-queryA.sql__loop2_run1.rapl.csv","queries","all","127.0.0.1:8000","2026-04-20T12:11:36Z"
"2026-04-20T12:25:18Z","3937CCC4DAFF437B","APX1130-queryA.sql",3,10,1,10,1.473212,0,31.415832519531250000,15.683227539062500000,,,36.000000,37.000000,16.040316,40.0,"logs/temp_controlled_samples/3937CCC4DAFF437B__APX1130-queryA.sql__loop3_run1.rapl.csv","queries","all","127.0.0.1:8000","2026-04-20T12:11:36Z"
"2026-04-20T12:25:38Z","3937CCC4DAFF437B","APX1130-queryA.sql",4,10,1,10,1.484985,0,31.616394042968750000,15.721496582031250000,,,36.000000,37.000000,16.039709,40.0,"logs/temp_controlled_samples/3937CCC4DAFF437B__APX1130-queryA.sql__loop4_run1.rapl.csv","queries","all","127.0.0.1:8000","2026-04-20T12:11:36Z"
"2026-04-20T12:25:58Z","3937CCC4DAFF437B","APX1130-queryA.sql",5,10,1,10,1.544613,0,31.576049804687500000,15.785583496093750000,,,36.000000,37.000000,16.039077,40.0,"logs/temp_controlled_samples/3937CCC4DAFF437B__APX1130-queryA.sql__loop5_run1.rapl.csv","queries","all","127.0.0.1:8000","2026-04-20T12:11:36Z"
"2026-04-20T12:26:17Z","3937CCC4DAFF437B","APX1130-queryA.sql",6,10,1,10,1.483110,0,31.485656738281250000,15.713623046875000000,,,36.000000,37.000000,16.045326,40.0,"logs/temp_controlled_samples/3937CCC4DAFF437B__APX1130-queryA.sql__loop6_run1.rapl.csv","queries","all","127.0.0.1:8000","2026-04-20T12:11:36Z"
"2026-04-20T12:26:37Z","3937CCC4DAFF437B","APX1130-queryA.sql",7,10,1,10,1.528287,0,31.397705078125000000,15.639892578125000000,,,36.000000,37.000000,16.043978,40.0,"logs/temp_controlled_samples/3937CCC4DAFF437B__APX1130-queryA.sql__loop7_run1.rapl.csv","queries","all","127.0.0.1:8000","2026-04-20T12:11:36Z"
"2026-04-20T12:26:57Z","3937CCC4DAFF437B","APX1130-queryA.sql",8,10,1,10,1.544856,0,31.519714355468750000,15.740722656250000000,,,36.000000,37.000000,16.039164,40.0,"logs/temp_controlled_samples/3937CCC4DAFF437B__APX1130-queryA.sql__loop8_run1.rapl.csv","queries","all","127.0.0.1:8000","2026-04-20T12:11:36Z"
"2026-04-20T12:27:16Z","3937CCC4DAFF437B","APX1130-queryA.sql",9,10,1,10,1.542979,0,31.571594238281250000,15.743469238281250000,,,36.000000,37.000000,16.044985,40.0,"logs/temp_controlled_samples/3937CCC4DAFF437B__APX1130-queryA.sql__loop9_run1.rapl.csv","queries","all","127.0.0.1:8000","2026-04-20T12:11:36Z"
"2026-04-20T12:27:36Z","3937CCC4DAFF437B","APX1130-queryA.sql",10,10,1,10,1.536745,0,31.449768066406250000,15.691955566406250000,,,36.000000,37.000000,16.033080,40.0,"logs/temp_controlled_samples/3937CCC4DAFF437B__APX1130-queryA.sql__loop10_run1.rapl.csv","queries","all","127.0.0.1:8000","2026-04-20T12:11:36Z"
"2026-04-20T12:27:56Z","3937CCC4DAFF437B","APX1130-queryB.sql",1,10,1,10,1.400812,0,29.797302246093750000,14.013854980468750000,,,36.000000,37.000000,16.044166,40.0,"logs/temp_controlled_samples/3937CCC4DAFF437B__APX1130-queryB.sql__loop1_run1.rapl.csv","queries","all","127.0.0.1:8000","2026-04-20T12:11:36Z"
"2026-04-20T12:28:15Z","3937CCC4DAFF437B","APX1130-queryB.sql",2,10,1,10,1.321032,0,29.492126464843750000,13.914855957031250000,,,36.000000,37.000000,16.039798,40.0,"logs/temp_controlled_samples/3937CCC4DAFF437B__APX1130-queryB.sql__loop2_run1.rapl.csv","queries","all","127.0.0.1:8000","2026-04-20T12:11:36Z"
"2026-04-20T12:28:35Z","3937CCC4DAFF437B","APX1130-queryB.sql",3,10,1,10,1.309385,0,29.587646484375000000,14.006225585937500000,,,36.000000,37.000000,16.044701,40.0,"logs/temp_controlled_samples/3937CCC4DAFF437B__APX1130-queryB.sql__loop3_run1.rapl.csv","queries","all","127.0.0.1:8000","2026-04-20T12:11:36Z"
"2026-04-20T12:28:54Z","3937CCC4DAFF437B","APX1130-queryB.sql",4,10,1,10,1.312083,0,29.710388183593750000,14.072509765625000000,,,36.000000,37.000000,16.045000,40.0,"logs/temp_controlled_samples/3937CCC4DAFF437B__APX1130-queryB.sql__loop4_run1.rapl.csv","queries","all","127.0.0.1:8000","2026-04-20T12:11:36Z"
"2026-04-20T12:29:13Z","3937CCC4DAFF437B","APX1130-queryB.sql",5,10,1,10,1.310817,0,29.681823730468750000,14.084167480468750000,,,35.000000,37.000000,16.035941,40.0,"logs/temp_controlled_samples/3937CCC4DAFF437B__APX1130-queryB.sql__loop5_run1.rapl.csv","queries","all","127.0.0.1:8000","2026-04-20T12:11:36Z"
"2026-04-20T12:29:33Z","3937CCC4DAFF437B","APX1130-queryB.sql",6,10,1,10,1.318052,0,30.068054199218750000,14.435180664062500000,,,36.000000,37.000000,16.038457,40.0,"logs/temp_controlled_samples/3937CCC4DAFF437B__APX1130-queryB.sql__loop6_run1.rapl.csv","queries","all","127.0.0.1:8000","2026-04-20T12:11:36Z"
"2026-04-20T12:29:52Z","3937CCC4DAFF437B","APX1130-queryB.sql",7,10,1,10,1.331745,0,29.890441894531250000,14.196411132812500000,,,35.000000,37.000000,16.050551,40.0,"logs/temp_controlled_samples/3937CCC4DAFF437B__APX1130-queryB.sql__loop7_run1.rapl.csv","queries","all","127.0.0.1:8000","2026-04-20T12:11:36Z"
"2026-04-20T12:30:12Z","3937CCC4DAFF437B","APX1130-queryB.sql",8,10,1,10,1.321423,0,29.769958496093750000,14.061889648437500000,,,36.000000,37.000000,16.043657,40.0,"logs/temp_controlled_samples/3937CCC4DAFF437B__APX1130-queryB.sql__loop8_run1.rapl.csv","queries","all","127.0.0.1:8000","2026-04-20T12:11:36Z"
"2026-04-20T12:30:31Z","3937CCC4DAFF437B","APX1130-queryB.sql",9,10,1,10,1.315093,0,29.694152832031250000,14.094848632812500000,,,36.000000,37.000000,16.040688,40.0,"logs/temp_controlled_samples/3937CCC4DAFF437B__APX1130-queryB.sql__loop9_run1.rapl.csv","queries","all","127.0.0.1:8000","2026-04-20T12:11:36Z"
"2026-04-20T12:30:51Z","3937CCC4DAFF437B","APX1130-queryB.sql",10,10,1,10,1.376829,0,29.813781738281250000,14.117370605468750000,,,36.000000,37.000000,16.047737,40.0,"logs/temp_controlled_samples/3937CCC4DAFF437B__APX1130-queryB.sql__loop10_run1.rapl.csv","queries","all","127.0.0.1:8000","2026-04-20T12:11:36Z"
"2026-04-20T12:31:10Z","3937CCC4DAFF437B","APX1145-queryA.sql",1,10,1,10,0.602917,0,29.045349121093750000,13.992980957031250000,,,36.000000,37.000000,16.040050,40.0,"logs/temp_controlled_samples/3937CCC4DAFF437B__APX1145-queryA.sql__loop1_run1.rapl.csv","queries","all","127.0.0.1:8000","2026-04-20T12:11:36Z"
"2026-04-20T12:31:28Z","3937CCC4DAFF437B","APX1145-queryA.sql",2,10,1,10,0.597056,0,29.027587890625000000,14.073303222656250000,,,36.000000,37.000000,16.042827,40.0,"logs/temp_controlled_samples/3937CCC4DAFF437B__APX1145-queryA.sql__loop2_run1.rapl.csv","queries","all","127.0.0.1:8000","2026-04-20T12:11:36Z"
"2026-04-20T12:31:47Z","3937CCC4DAFF437B","APX1145-queryA.sql",3,10,1,10,0.603081,0,28.890136718750000000,13.908142089843750000,,,36.000000,37.000000,16.043428,40.0,"logs/temp_controlled_samples/3937CCC4DAFF437B__APX1145-queryA.sql__loop3_run1.rapl.csv","queries","all","127.0.0.1:8000","2026-04-20T12:11:36Z"
"2026-04-20T12:32:06Z","3937CCC4DAFF437B","APX1145-queryA.sql",4,10,1,10,0.605256,0,29.095458984375000000,13.990661621093750000,,,36.000000,37.000000,16.042876,40.0,"logs/temp_controlled_samples/3937CCC4DAFF437B__APX1145-queryA.sql__loop4_run1.rapl.csv","queries","all","127.0.0.1:8000","2026-04-20T12:11:36Z"
"2026-04-20T12:32:24Z","3937CCC4DAFF437B","APX1145-queryA.sql",5,10,1,10,0.603510,0,29.132568359375000000,14.016174316406250000,,,36.000000,37.000000,16.048242,40.0,"logs/temp_controlled_samples/3937CCC4DAFF437B__APX1145-queryA.sql__loop5_run1.rapl.csv","queries","all","127.0.0.1:8000","2026-04-20T12:11:36Z"
"2026-04-20T12:32:43Z","3937CCC4DAFF437B","APX1145-queryA.sql",6,10,1,10,0.597982,0,29.196289062500000000,14.017150878906250000,,,36.000000,37.000000,16.047308,40.0,"logs/temp_controlled_samples/3937CCC4DAFF437B__APX1145-queryA.sql__loop6_run1.rapl.csv","queries","all","127.0.0.1:8000","2026-04-20T12:11:36Z"
"2026-04-20T12:33:02Z","3937CCC4DAFF437B","APX1145-queryA.sql",7,10,1,10,0.602992,0,28.994323730468750000,13.956054687500000000,,,36.000000,37.000000,16.042243,40.0,"logs/temp_controlled_samples/3937CCC4DAFF437B__APX1145-queryA.sql__loop7_run1.rapl.csv","queries","all","127.0.0.1:8000","2026-04-20T12:11:36Z"
"2026-04-20T12:33:21Z","3937CCC4DAFF437B","APX1145-queryA.sql",8,10,1,10,0.604699,0,29.098083496093750000,14.004089355468750000,,,36.000000,37.000000,16.033715,40.0,"logs/temp_controlled_samples/3937CCC4DAFF437B__APX1145-queryA.sql__loop8_run1.rapl.csv","queries","all","127.0.0.1:8000","2026-04-20T12:11:36Z"
"2026-04-20T12:33:39Z","3937CCC4DAFF437B","APX1145-queryA.sql",9,10,1,10,0.602371,0,29.059387207031250000,14.025756835937500000,,,36.000000,37.000000,16.042395,40.0,"logs/temp_controlled_samples/3937CCC4DAFF437B__APX1145-queryA.sql__loop9_run1.rapl.csv","queries","all","127.0.0.1:8000","2026-04-20T12:11:36Z"
"2026-04-20T12:33:58Z","3937CCC4DAFF437B","APX1145-queryA.sql",10,10,1,10,0.605970,0,29.055358886718750000,13.970031738281250000,,,36.000000,37.000000,16.045556,40.0,"logs/temp_controlled_samples/3937CCC4DAFF437B__APX1145-queryA.sql__loop10_run1.rapl.csv","queries","all","127.0.0.1:8000","2026-04-20T12:11:36Z"
"2026-04-20T12:34:17Z","3937CCC4DAFF437B","APX1145-queryB.sql",1,10,1,10,0.445793,0,25.250915527343750000,10.341186523437500000,,,36.000000,37.000000,16.043012,40.0,"logs/temp_controlled_samples/3937CCC4DAFF437B__APX1145-queryB.sql__loop1_run1.rapl.csv","queries","all","127.0.0.1:8000","2026-04-20T12:11:36Z"
"2026-04-20T12:34:35Z","3937CCC4DAFF437B","APX1145-queryB.sql",2,10,1,10,0.449061,0,25.323791503906250000,10.355102539062500000,,,36.000000,36.000000,16.040268,40.0,"logs/temp_controlled_samples/3937CCC4DAFF437B__APX1145-queryB.sql__loop2_run1.rapl.csv","queries","all","127.0.0.1:8000","2026-04-20T12:11:36Z"
"2026-04-20T12:34:54Z","3937CCC4DAFF437B","APX1145-queryB.sql",3,10,1,10,0.444552,0,25.205383300781250000,10.365295410156250000,,,35.000000,37.000000,16.047129,40.0,"logs/temp_controlled_samples/3937CCC4DAFF437B__APX1145-queryB.sql__loop3_run1.rapl.csv","queries","all","127.0.0.1:8000","2026-04-20T12:11:36Z"
"2026-04-20T12:35:12Z","3937CCC4DAFF437B","APX1145-queryB.sql",4,10,1,10,0.450259,0,25.463867187500000000,10.398071289062500000,,,36.000000,37.000000,16.040801,40.0,"logs/temp_controlled_samples/3937CCC4DAFF437B__APX1145-queryB.sql__loop4_run1.rapl.csv","queries","all","127.0.0.1:8000","2026-04-20T12:11:36Z"
"2026-04-20T12:35:31Z","3937CCC4DAFF437B","APX1145-queryB.sql",5,10,1,10,0.437597,0,25.307922363281250000,10.397277832031250000,,,35.000000,36.000000,16.043978,40.0,"logs/temp_controlled_samples/3937CCC4DAFF437B__APX1145-queryB.sql__loop5_run1.rapl.csv","queries","all","127.0.0.1:8000","2026-04-20T12:11:36Z"
"2026-04-20T12:35:50Z","3937CCC4DAFF437B","APX1145-queryB.sql",6,10,1,10,0.442254,0,25.465087890625000000,10.459228515625000000,,,35.000000,37.000000,16.042160,40.0,"logs/temp_controlled_samples/3937CCC4DAFF437B__APX1145-queryB.sql__loop6_run1.rapl.csv","queries","all","127.0.0.1:8000","2026-04-20T12:11:36Z"
"2026-04-20T12:36:08Z","3937CCC4DAFF437B","APX1145-queryB.sql",7,10,1,10,0.437604,0,25.182922363281250000,10.330322265625000000,,,36.000000,37.000000,16.038957,40.0,"logs/temp_controlled_samples/3937CCC4DAFF437B__APX1145-queryB.sql__loop7_run1.rapl.csv","queries","all","127.0.0.1:8000","2026-04-20T12:11:36Z"
"2026-04-20T12:36:27Z","3937CCC4DAFF437B","APX1145-queryB.sql",8,10,1,10,0.442909,0,25.339965820312500000,10.371215820312500000,,,36.000000,36.000000,16.044750,40.0,"logs/temp_controlled_samples/3937CCC4DAFF437B__APX1145-queryB.sql__loop8_run1.rapl.csv","queries","all","127.0.0.1:8000","2026-04-20T12:11:36Z"
"2026-04-20T12:36:45Z","3937CCC4DAFF437B","APX1145-queryB.sql",9,10,1,10,0.449113,0,25.265380859375000000,10.336425781250000000,,,35.000000,36.000000,16.041276,40.0,"logs/temp_controlled_samples/3937CCC4DAFF437B__APX1145-queryB.sql__loop9_run1.rapl.csv","queries","all","127.0.0.1:8000","2026-04-20T12:11:36Z"
"2026-04-20T12:37:04Z","3937CCC4DAFF437B","APX1145-queryB.sql",10,10,1,10,0.444127,0,25.392578125000000000,10.432800292968750000,,,35.000000,36.000000,16.036267,40.0,"logs/temp_controlled_samples/3937CCC4DAFF437B__APX1145-queryB.sql__loop10_run1.rapl.csv","queries","all","127.0.0.1:8000","2026-04-20T12:11:36Z"
"2026-04-20T12:37:24Z","3937CCC4DAFF437B","APX1173-queryA.sql",1,10,1,10,1.677272,0,32.177856445312500000,16.060913085937500000,,,36.000000,37.000000,16.053128,40.0,"logs/temp_controlled_samples/3937CCC4DAFF437B__APX1173-queryA.sql__loop1_run1.rapl.csv","queries","all","127.0.0.1:8000","2026-04-20T12:11:36Z"
"2026-04-20T12:37:43Z","3937CCC4DAFF437B","APX1173-queryA.sql",2,10,1,10,1.523922,0,31.908996582031250000,16.002868652343750000,,,36.000000,37.000000,16.038091,40.0,"logs/temp_controlled_samples/3937CCC4DAFF437B__APX1173-queryA.sql__loop2_run1.rapl.csv","queries","all","127.0.0.1:8000","2026-04-20T12:11:36Z"
"2026-04-20T12:38:03Z","3937CCC4DAFF437B","APX1173-queryA.sql",3,10,1,10,1.583817,0,31.850952148437500000,16.038818359375000000,,,36.000000,37.000000,16.042042,40.0,"logs/temp_controlled_samples/3937CCC4DAFF437B__APX1173-queryA.sql__loop3_run1.rapl.csv","queries","all","127.0.0.1:8000","2026-04-20T12:11:36Z"
"2026-04-20T12:38:23Z","3937CCC4DAFF437B","APX1173-queryA.sql",4,10,1,10,1.530599,0,31.874389648437500000,16.098693847656250000,,,36.000000,37.000000,16.041880,40.0,"logs/temp_controlled_samples/3937CCC4DAFF437B__APX1173-queryA.sql__loop4_run1.rapl.csv","queries","all","127.0.0.1:8000","2026-04-20T12:11:36Z"
"2026-04-20T12:38:43Z","3937CCC4DAFF437B","APX1173-queryA.sql",5,10,1,10,1.522943,0,31.650695800781250000,15.963806152343750000,,,36.000000,37.000000,16.041488,40.0,"logs/temp_controlled_samples/3937CCC4DAFF437B__APX1173-queryA.sql__loop5_run1.rapl.csv","queries","all","127.0.0.1:8000","2026-04-20T12:11:36Z"
"2026-04-20T12:39:02Z","3937CCC4DAFF437B","APX1173-queryA.sql",6,10,1,10,1.517630,0,31.737121582031250000,15.909606933593750000,,,37.000000,37.000000,16.046097,40.0,"logs/temp_controlled_samples/3937CCC4DAFF437B__APX1173-queryA.sql__loop6_run1.rapl.csv","queries","all","127.0.0.1:8000","2026-04-20T12:11:36Z"
"2026-04-20T12:39:22Z","3937CCC4DAFF437B","APX1173-queryA.sql",7,10,1,10,1.576535,0,31.946777343750000000,16.069946289062500000,,,36.000000,37.000000,16.044003,40.0,"logs/temp_controlled_samples/3937CCC4DAFF437B__APX1173-queryA.sql__loop7_run1.rapl.csv","queries","all","127.0.0.1:8000","2026-04-20T12:11:36Z"
"2026-04-20T12:39:42Z","3937CCC4DAFF437B","APX1173-queryA.sql",8,10,1,10,1.575029,0,31.801757812500000000,16.002319335937500000,,,37.000000,37.000000,16.054315,40.0,"logs/temp_controlled_samples/3937CCC4DAFF437B__APX1173-queryA.sql__loop8_run1.rapl.csv","queries","all","127.0.0.1:8000","2026-04-20T12:11:36Z"
"2026-04-20T12:40:01Z","3937CCC4DAFF437B","APX1173-queryA.sql",9,10,1,10,1.524560,0,31.718383789062500000,16.048156738281250000,,,36.000000,37.000000,16.032802,40.0,"logs/temp_controlled_samples/3937CCC4DAFF437B__APX1173-queryA.sql__loop9_run1.rapl.csv","queries","all","127.0.0.1:8000","2026-04-20T12:11:36Z"
"2026-04-20T12:40:21Z","3937CCC4DAFF437B","APX1173-queryA.sql",10,10,1,10,1.528056,0,31.896545410156250000,16.080505371093750000,,,36.000000,37.000000,16.041661,40.0,"logs/temp_controlled_samples/3937CCC4DAFF437B__APX1173-queryA.sql__loop10_run1.rapl.csv","queries","all","127.0.0.1:8000","2026-04-20T12:11:36Z"
"2026-04-20T12:40:41Z","3937CCC4DAFF437B","APX1173-queryB.sql",1,10,1,10,1.585697,0,32.074462890625000000,16.158752441406250000,,,36.000000,37.000000,16.040158,40.0,"logs/temp_controlled_samples/3937CCC4DAFF437B__APX1173-queryB.sql__loop1_run1.rapl.csv","queries","all","127.0.0.1:8000","2026-04-20T12:11:36Z"
"2026-04-20T12:41:00Z","3937CCC4DAFF437B","APX1173-queryB.sql",2,10,1,10,1.599428,0,32.077819824218750000,16.161315917968750000,,,37.000000,37.000000,16.035445,40.0,"logs/temp_controlled_samples/3937CCC4DAFF437B__APX1173-queryB.sql__loop2_run1.rapl.csv","queries","all","127.0.0.1:8000","2026-04-20T12:11:36Z"
"2026-04-20T12:41:20Z","3937CCC4DAFF437B","APX1173-queryB.sql",3,10,1,10,1.522614,0,31.918457031250000000,16.120178222656250000,,,36.000000,37.000000,16.034410,40.0,"logs/temp_controlled_samples/3937CCC4DAFF437B__APX1173-queryB.sql__loop3_run1.rapl.csv","queries","all","127.0.0.1:8000","2026-04-20T12:11:36Z"
"2026-04-20T12:41:40Z","3937CCC4DAFF437B","APX1173-queryB.sql",4,10,1,10,1.600755,0,32.040161132812500000,16.147644042968750000,,,36.000000,37.000000,16.052016,40.0,"logs/temp_controlled_samples/3937CCC4DAFF437B__APX1173-queryB.sql__loop4_run1.rapl.csv","queries","all","127.0.0.1:8000","2026-04-20T12:11:36Z"
"2026-04-20T12:42:00Z","3937CCC4DAFF437B","APX1173-queryB.sql",5,10,1,10,1.604374,0,31.854309082031250000,16.082275390625000000,,,37.000000,37.000000,16.032725,40.0,"logs/temp_controlled_samples/3937CCC4DAFF437B__APX1173-queryB.sql__loop5_run1.rapl.csv","queries","all","127.0.0.1:8000","2026-04-20T12:11:36Z"
"2026-04-20T12:42:19Z","3937CCC4DAFF437B","APX1173-queryB.sql",6,10,1,10,1.556620,0,31.959594726562500000,16.134338378906250000,,,36.000000,37.000000,16.039033,40.0,"logs/temp_controlled_samples/3937CCC4DAFF437B__APX1173-queryB.sql__loop6_run1.rapl.csv","queries","all","127.0.0.1:8000","2026-04-20T12:11:36Z"
"2026-04-20T12:42:39Z","3937CCC4DAFF437B","APX1173-queryB.sql",7,10,1,10,1.564034,0,32.021667480468750000,16.098144531250000000,,,36.000000,37.000000,16.042513,40.0,"logs/temp_controlled_samples/3937CCC4DAFF437B__APX1173-queryB.sql__loop7_run1.rapl.csv","queries","all","127.0.0.1:8000","2026-04-20T12:11:36Z"
"2026-04-20T12:42:59Z","3937CCC4DAFF437B","APX1173-queryB.sql",8,10,1,10,1.605949,0,31.853210449218750000,16.082519531250000000,,,36.000000,37.000000,16.037221,40.0,"logs/temp_controlled_samples/3937CCC4DAFF437B__APX1173-queryB.sql__loop8_run1.rapl.csv","queries","all","127.0.0.1:8000","2026-04-20T12:11:36Z"
"2026-04-20T12:43:18Z","3937CCC4DAFF437B","APX1173-queryB.sql",9,10,1,10,1.600179,0,31.848937988281250000,16.035095214843750000,,,36.000000,38.000000,16.041563,40.0,"logs/temp_controlled_samples/3937CCC4DAFF437B__APX1173-queryB.sql__loop9_run1.rapl.csv","queries","all","127.0.0.1:8000","2026-04-20T12:11:36Z"
"2026-04-20T12:43:38Z","3937CCC4DAFF437B","APX1173-queryB.sql",10,10,1,10,1.529531,0,31.925048828125000000,16.097961425781250000,,,37.000000,37.000000,16.053819,40.0,"logs/temp_controlled_samples/3937CCC4DAFF437B__APX1173-queryB.sql__loop10_run1.rapl.csv","queries","all","127.0.0.1:8000","2026-04-20T12:11:36Z"
"2026-04-20T12:43:57Z","3937CCC4DAFF437B","APX1186-queryA.sql",1,10,1,10,1.089620,0,26.051208496093750000,10.567260742187500000,,,36.000000,37.000000,16.044000,40.0,"logs/temp_controlled_samples/3937CCC4DAFF437B__APX1186-queryA.sql__loop1_run1.rapl.csv","queries","all","127.0.0.1:8000","2026-04-20T12:11:36Z"
"2026-04-20T12:44:16Z","3937CCC4DAFF437B","APX1186-queryA.sql",2,10,1,10,1.057741,0,26.055969238281250000,10.626464843750000000,,,36.000000,37.000000,16.047006,40.0,"logs/temp_controlled_samples/3937CCC4DAFF437B__APX1186-queryA.sql__loop2_run1.rapl.csv","queries","all","127.0.0.1:8000","2026-04-20T12:11:36Z"
"2026-04-20T12:44:36Z","3937CCC4DAFF437B","APX1186-queryA.sql",3,10,1,10,1.055947,0,26.060546875000000000,10.680297851562500000,,,36.000000,37.000000,16.038803,40.0,"logs/temp_controlled_samples/3937CCC4DAFF437B__APX1186-queryA.sql__loop3_run1.rapl.csv","queries","all","127.0.0.1:8000","2026-04-20T12:11:36Z"
"2026-04-20T12:44:55Z","3937CCC4DAFF437B","APX1186-queryA.sql",4,10,1,10,1.058449,0,26.087585449218750000,10.658081054687500000,,,36.000000,37.000000,16.042235,40.0,"logs/temp_controlled_samples/3937CCC4DAFF437B__APX1186-queryA.sql__loop4_run1.rapl.csv","queries","all","127.0.0.1:8000","2026-04-20T12:11:36Z"
"2026-04-20T12:45:14Z","3937CCC4DAFF437B","APX1186-queryA.sql",5,10,1,10,1.009770,0,26.061157226562500000,10.711303710937500000,,,36.000000,37.000000,16.041547,40.0,"logs/temp_controlled_samples/3937CCC4DAFF437B__APX1186-queryA.sql__loop5_run1.rapl.csv","queries","all","127.0.0.1:8000","2026-04-20T12:11:36Z"
"2026-04-20T12:45:33Z","3937CCC4DAFF437B","APX1186-queryA.sql",6,10,1,10,1.053055,0,26.072326660156250000,10.643676757812500000,,,36.000000,37.000000,16.037398,40.0,"logs/temp_controlled_samples/3937CCC4DAFF437B__APX1186-queryA.sql__loop6_run1.rapl.csv","queries","all","127.0.0.1:8000","2026-04-20T12:11:36Z"
"2026-04-20T12:45:52Z","3937CCC4DAFF437B","APX1186-queryA.sql",7,10,1,10,1.053075,0,26.035644531250000000,10.673095703125000000,,,36.000000,37.000000,16.040856,40.0,"logs/temp_controlled_samples/3937CCC4DAFF437B__APX1186-queryA.sql__loop7_run1.rapl.csv","queries","all","127.0.0.1:8000","2026-04-20T12:11:36Z"
"2026-04-20T12:46:12Z","3937CCC4DAFF437B","APX1186-queryA.sql",8,10,1,10,1.053643,0,26.051574707031250000,10.655700683593750000,,,36.000000,37.000000,16.038393,40.0,"logs/temp_controlled_samples/3937CCC4DAFF437B__APX1186-queryA.sql__loop8_run1.rapl.csv","queries","all","127.0.0.1:8000","2026-04-20T12:11:36Z"
"2026-04-20T12:46:31Z","3937CCC4DAFF437B","APX1186-queryA.sql",9,10,1,10,1.057324,0,25.937622070312500000,10.634460449218750000,,,36.000000,37.000000,16.043108,40.0,"logs/temp_controlled_samples/3937CCC4DAFF437B__APX1186-queryA.sql__loop9_run1.rapl.csv","queries","all","127.0.0.1:8000","2026-04-20T12:11:36Z"
"2026-04-20T12:46:50Z","3937CCC4DAFF437B","APX1186-queryA.sql",10,10,1,10,1.009822,0,25.970397949218750000,10.612731933593750000,,,36.000000,37.000000,16.040235,40.0,"logs/temp_controlled_samples/3937CCC4DAFF437B__APX1186-queryA.sql__loop10_run1.rapl.csv","queries","all","127.0.0.1:8000","2026-04-20T12:11:36Z"
"2026-04-20T12:47:09Z","3937CCC4DAFF437B","APX1186-queryB.sql",1,10,1,10,0.507716,0,24.498229980468750000,9.449401855468750000,,,36.000000,37.000000,16.039137,40.0,"logs/temp_controlled_samples/3937CCC4DAFF437B__APX1186-queryB.sql__loop1_run1.rapl.csv","queries","all","127.0.0.1:8000","2026-04-20T12:11:36Z"
"2026-04-20T12:47:27Z","3937CCC4DAFF437B","APX1186-queryB.sql",2,10,1,10,0.425662,0,24.458679199218750000,9.588317871093750000,,,36.000000,37.000000,16.041049,40.0,"logs/temp_controlled_samples/3937CCC4DAFF437B__APX1186-queryB.sql__loop2_run1.rapl.csv","queries","all","127.0.0.1:8000","2026-04-20T12:11:36Z"
"2026-04-20T12:47:46Z","3937CCC4DAFF437B","APX1186-queryB.sql",3,10,1,10,0.426047,0,24.647338867187500000,9.578552246093750000,,,36.000000,37.000000,16.045582,40.0,"logs/temp_controlled_samples/3937CCC4DAFF437B__APX1186-queryB.sql__loop3_run1.rapl.csv","queries","all","127.0.0.1:8000","2026-04-20T12:11:36Z"
"2026-04-20T12:48:04Z","3937CCC4DAFF437B","APX1186-queryB.sql",4,10,1,10,0.426332,0,24.540771484375000000,9.512084960937500000,,,36.000000,37.000000,16.038169,40.0,"logs/temp_controlled_samples/3937CCC4DAFF437B__APX1186-queryB.sql__loop4_run1.rapl.csv","queries","all","127.0.0.1:8000","2026-04-20T12:11:36Z"
"2026-04-20T12:48:23Z","3937CCC4DAFF437B","APX1186-queryB.sql",5,10,1,10,0.442517,0,24.405883789062500000,9.558532714843750000,,,36.000000,37.000000,16.045615,40.0,"logs/temp_controlled_samples/3937CCC4DAFF437B__APX1186-queryB.sql__loop5_run1.rapl.csv","queries","all","127.0.0.1:8000","2026-04-20T12:11:36Z"
"2026-04-20T12:48:41Z","3937CCC4DAFF437B","APX1186-queryB.sql",6,10,1,10,0.424825,0,24.564636230468750000,9.611450195312500000,,,36.000000,37.000000,16.039137,40.0,"logs/temp_controlled_samples/3937CCC4DAFF437B__APX1186-queryB.sql__loop6_run1.rapl.csv","queries","all","127.0.0.1:8000","2026-04-20T12:11:36Z"
"2026-04-20T12:49:00Z","3937CCC4DAFF437B","APX1186-queryB.sql",7,10,1,10,0.424399,0,24.536804199218750000,9.623168945312500000,,,36.000000,36.000000,16.044769,40.0,"logs/temp_controlled_samples/3937CCC4DAFF437B__APX1186-queryB.sql__loop7_run1.rapl.csv","queries","all","127.0.0.1:8000","2026-04-20T12:11:36Z"
"2026-04-20T12:49:18Z","3937CCC4DAFF437B","APX1186-queryB.sql",8,10,1,10,0.440243,0,24.497985839843750000,9.579284667968750000,,,36.000000,37.000000,16.038252,40.0,"logs/temp_controlled_samples/3937CCC4DAFF437B__APX1186-queryB.sql__loop8_run1.rapl.csv","queries","all","127.0.0.1:8000","2026-04-20T12:11:36Z"
"2026-04-20T12:49:37Z","3937CCC4DAFF437B","APX1186-queryB.sql",9,10,1,10,0.429698,0,24.392333984375000000,9.547241210937500000,,,36.000000,37.000000,16.047682,40.0,"logs/temp_controlled_samples/3937CCC4DAFF437B__APX1186-queryB.sql__loop9_run1.rapl.csv","queries","all","127.0.0.1:8000","2026-04-20T12:11:36Z"
"2026-04-20T12:49:56Z","3937CCC4DAFF437B","APX1186-queryB.sql",10,10,1,10,0.429369,0,24.574523925781250000,9.623168945312500000,,,36.000000,37.000000,16.033855,40.0,"logs/temp_controlled_samples/3937CCC4DAFF437B__APX1186-queryB.sql__loop10_run1.rapl.csv","queries","all","127.0.0.1:8000","2026-04-20T12:11:36Z"
"2026-04-20T12:50:15Z","3937CCC4DAFF437B","APX1225-queryA.sql",1,10,1,10,1.323292,0,24.118286132812500000,7.205383300781250000,,,36.000000,36.000000,16.035680,40.0,"logs/temp_controlled_samples/3937CCC4DAFF437B__APX1225-queryA.sql__loop1_run1.rapl.csv","queries","all","127.0.0.1:8000","2026-04-20T12:11:36Z"
"2026-04-20T12:50:34Z","3937CCC4DAFF437B","APX1225-queryA.sql",2,10,1,10,0.314531,0,21.582336425781250000,6.769042968750000000,,,36.000000,36.000000,16.037717,40.0,"logs/temp_controlled_samples/3937CCC4DAFF437B__APX1225-queryA.sql__loop2_run1.rapl.csv","queries","all","127.0.0.1:8000","2026-04-20T12:11:36Z"
"2026-04-20T12:50:52Z","3937CCC4DAFF437B","APX1225-queryA.sql",3,10,1,10,0.319587,0,21.622009277343750000,6.717712402343750000,,,35.000000,37.000000,16.048471,40.0,"logs/temp_controlled_samples/3937CCC4DAFF437B__APX1225-queryA.sql__loop3_run1.rapl.csv","queries","all","127.0.0.1:8000","2026-04-20T12:11:36Z"
"2026-04-20T12:51:10Z","3937CCC4DAFF437B","APX1225-queryA.sql",4,10,1,10,0.320615,0,21.618896484375000000,6.759460449218750000,,,36.000000,36.000000,16.045677,40.0,"logs/temp_controlled_samples/3937CCC4DAFF437B__APX1225-queryA.sql__loop4_run1.rapl.csv","queries","all","127.0.0.1:8000","2026-04-20T12:11:36Z"
"2026-04-20T12:51:29Z","3937CCC4DAFF437B","APX1225-queryA.sql",5,10,1,10,0.339014,0,21.529235839843750000,6.670288085937500000,,,36.000000,36.000000,16.040875,40.0,"logs/temp_controlled_samples/3937CCC4DAFF437B__APX1225-queryA.sql__loop5_run1.rapl.csv","queries","all","127.0.0.1:8000","2026-04-20T12:11:36Z"
"2026-04-20T12:51:47Z","3937CCC4DAFF437B","APX1225-queryA.sql",6,10,1,10,0.319930,0,21.561035156250000000,6.658020019531250000,,,36.000000,36.000000,16.036208,40.0,"logs/temp_controlled_samples/3937CCC4DAFF437B__APX1225-queryA.sql__loop6_run1.rapl.csv","queries","all","127.0.0.1:8000","2026-04-20T12:11:36Z"
"2026-04-20T12:52:06Z","3937CCC4DAFF437B","APX1225-queryA.sql",7,10,1,10,0.318867,0,21.501098632812500000,6.704650878906250000,,,35.000000,36.000000,16.042626,40.0,"logs/temp_controlled_samples/3937CCC4DAFF437B__APX1225-queryA.sql__loop7_run1.rapl.csv","queries","all","127.0.0.1:8000","2026-04-20T12:11:36Z"
"2026-04-20T12:52:24Z","3937CCC4DAFF437B","APX1225-queryA.sql",8,10,1,10,0.316221,0,21.577636718750000000,6.704284667968750000,,,36.000000,36.000000,16.036610,40.0,"logs/temp_controlled_samples/3937CCC4DAFF437B__APX1225-queryA.sql__loop8_run1.rapl.csv","queries","all","127.0.0.1:8000","2026-04-20T12:11:36Z"
"2026-04-20T12:52:43Z","3937CCC4DAFF437B","APX1225-queryA.sql",9,10,1,10,0.317358,0,21.499877929687500000,6.687316894531250000,,,35.000000,35.000000,16.039863,40.0,"logs/temp_controlled_samples/3937CCC4DAFF437B__APX1225-queryA.sql__loop9_run1.rapl.csv","queries","all","127.0.0.1:8000","2026-04-20T12:11:36Z"
"2026-04-20T12:53:01Z","3937CCC4DAFF437B","APX1225-queryA.sql",10,10,1,10,0.323063,0,21.779235839843750000,6.741821289062500000,,,35.000000,36.000000,16.043977,40.0,"logs/temp_controlled_samples/3937CCC4DAFF437B__APX1225-queryA.sql__loop10_run1.rapl.csv","queries","all","127.0.0.1:8000","2026-04-20T12:11:36Z"
"2026-04-20T12:53:20Z","3937CCC4DAFF437B","APX1225-queryB.sql",1,10,1,10,0.200370,0,16.462280273437500000,1.630859375000000000,,,35.000000,35.000000,16.035442,40.0,"logs/temp_controlled_samples/3937CCC4DAFF437B__APX1225-queryB.sql__loop1_run1.rapl.csv","queries","all","127.0.0.1:8000","2026-04-20T12:11:36Z"
"2026-04-20T12:53:38Z","3937CCC4DAFF437B","APX1225-queryB.sql",2,10,1,10,0.106989,0,16.178100585937500000,1.512207031250000000,,,35.000000,35.000000,16.040300,40.0,"logs/temp_controlled_samples/3937CCC4DAFF437B__APX1225-queryB.sql__loop2_run1.rapl.csv","queries","all","127.0.0.1:8000","2026-04-20T12:11:36Z"
"2026-04-20T12:53:56Z","3937CCC4DAFF437B","APX1225-queryB.sql",3,10,1,10,0.108306,0,16.154785156250000000,1.519714355468750000,,,35.000000,35.000000,16.041364,40.0,"logs/temp_controlled_samples/3937CCC4DAFF437B__APX1225-queryB.sql__loop3_run1.rapl.csv","queries","all","127.0.0.1:8000","2026-04-20T12:11:36Z"
"2026-04-20T12:54:14Z","3937CCC4DAFF437B","APX1225-queryB.sql",4,10,1,10,0.106984,0,16.215515136718750000,1.549316406250000000,,,35.000000,35.000000,16.037906,40.0,"logs/temp_controlled_samples/3937CCC4DAFF437B__APX1225-queryB.sql__loop4_run1.rapl.csv","queries","all","127.0.0.1:8000","2026-04-20T12:11:36Z"
"2026-04-20T12:54:33Z","3937CCC4DAFF437B","APX1225-queryB.sql",5,10,1,10,0.110571,0,16.107055664062500000,1.545227050781250000,,,34.000000,35.000000,16.047171,40.0,"logs/temp_controlled_samples/3937CCC4DAFF437B__APX1225-queryB.sql__loop5_run1.rapl.csv","queries","all","127.0.0.1:8000","2026-04-20T12:11:36Z"
"2026-04-20T12:54:51Z","3937CCC4DAFF437B","APX1225-queryB.sql",6,10,1,10,0.110639,0,16.184570312500000000,1.511718750000000000,,,34.000000,34.000000,16.038941,40.0,"logs/temp_controlled_samples/3937CCC4DAFF437B__APX1225-queryB.sql__loop6_run1.rapl.csv","queries","all","127.0.0.1:8000","2026-04-20T12:11:36Z"
"2026-04-20T12:55:09Z","3937CCC4DAFF437B","APX1225-queryB.sql",7,10,1,10,0.104714,0,16.319152832031250000,1.575622558593750000,,,34.000000,34.000000,16.047902,40.0,"logs/temp_controlled_samples/3937CCC4DAFF437B__APX1225-queryB.sql__loop7_run1.rapl.csv","queries","all","127.0.0.1:8000","2026-04-20T12:11:36Z"
"2026-04-20T12:55:27Z","3937CCC4DAFF437B","APX1225-queryB.sql",8,10,1,10,0.103836,0,16.272155761718750000,1.526855468750000000,,,34.000000,34.000000,16.037196,40.0,"logs/temp_controlled_samples/3937CCC4DAFF437B__APX1225-queryB.sql__loop8_run1.rapl.csv","queries","all","127.0.0.1:8000","2026-04-20T12:11:36Z"
"2026-04-20T12:55:46Z","3937CCC4DAFF437B","APX1225-queryB.sql",9,10,1,10,0.106809,0,16.143920898437500000,1.540039062500000000,,,35.000000,35.000000,16.042261,40.0,"logs/temp_controlled_samples/3937CCC4DAFF437B__APX1225-queryB.sql__loop9_run1.rapl.csv","queries","all","127.0.0.1:8000","2026-04-20T12:11:36Z"
"2026-04-20T12:56:04Z","3937CCC4DAFF437B","APX1225-queryB.sql",10,10,1,10,0.104292,0,16.142272949218750000,1.531616210937500000,,,34.000000,34.000000,16.042755,40.0,"logs/temp_controlled_samples/3937CCC4DAFF437B__APX1225-queryB.sql__loop10_run1.rapl.csv","queries","all","127.0.0.1:8000","2026-04-20T12:11:36Z"
"2026-04-20T12:56:22Z","3937CCC4DAFF437B","APX1278-queryA.sql",1,10,1,10,0.542311,0,25.637634277343750000,10.610717773437500000,,,34.000000,35.000000,16.041530,40.0,"logs/temp_controlled_samples/3937CCC4DAFF437B__APX1278-queryA.sql__loop1_run1.rapl.csv","queries","all","127.0.0.1:8000","2026-04-20T12:11:36Z"
"2026-04-20T12:56:41Z","3937CCC4DAFF437B","APX1278-queryA.sql",2,10,1,10,0.456597,0,25.668823242187500000,10.659179687500000000,,,35.000000,36.000000,16.049739,40.0,"logs/temp_controlled_samples/3937CCC4DAFF437B__APX1278-queryA.sql__loop2_run1.rapl.csv","queries","all","127.0.0.1:8000","2026-04-20T12:11:36Z"
"2026-04-20T12:57:00Z","3937CCC4DAFF437B","APX1278-queryA.sql",3,10,1,10,0.452284,0,25.639892578125000000,10.652038574218750000,,,35.000000,36.000000,16.047079,40.0,"logs/temp_controlled_samples/3937CCC4DAFF437B__APX1278-queryA.sql__loop3_run1.rapl.csv","queries","all","127.0.0.1:8000","2026-04-20T12:11:36Z"
"2026-04-20T12:57:18Z","3937CCC4DAFF437B","APX1278-queryA.sql",4,10,1,10,0.461560,0,25.658874511718750000,10.640991210937500000,,,35.000000,36.000000,16.040261,40.0,"logs/temp_controlled_samples/3937CCC4DAFF437B__APX1278-queryA.sql__loop4_run1.rapl.csv","queries","all","127.0.0.1:8000","2026-04-20T12:11:36Z"
"2026-04-20T12:57:37Z","3937CCC4DAFF437B","APX1278-queryA.sql",5,10,1,10,0.455577,0,25.606140136718750000,10.654174804687500000,,,35.000000,36.000000,16.046501,40.0,"logs/temp_controlled_samples/3937CCC4DAFF437B__APX1278-queryA.sql__loop5_run1.rapl.csv","queries","all","127.0.0.1:8000","2026-04-20T12:11:36Z"
"2026-04-20T12:57:55Z","3937CCC4DAFF437B","APX1278-queryA.sql",6,10,1,10,0.452638,0,25.833862304687500000,10.643615722656250000,,,35.000000,36.000000,16.039760,40.0,"logs/temp_controlled_samples/3937CCC4DAFF437B__APX1278-queryA.sql__loop6_run1.rapl.csv","queries","all","127.0.0.1:8000","2026-04-20T12:11:36Z"
"2026-04-20T12:58:14Z","3937CCC4DAFF437B","APX1278-queryA.sql",7,10,1,10,0.459902,0,25.733520507812500000,10.712646484375000000,,,35.000000,36.000000,16.051909,40.0,"logs/temp_controlled_samples/3937CCC4DAFF437B__APX1278-queryA.sql__loop7_run1.rapl.csv","queries","all","127.0.0.1:8000","2026-04-20T12:11:36Z"
"2026-04-20T12:58:33Z","3937CCC4DAFF437B","APX1278-queryA.sql",8,10,1,10,0.461405,0,25.746765136718750000,10.718933105468750000,,,35.000000,36.000000,16.058270,40.0,"logs/temp_controlled_samples/3937CCC4DAFF437B__APX1278-queryA.sql__loop8_run1.rapl.csv","queries","all","127.0.0.1:8000","2026-04-20T12:11:36Z"
"2026-04-20T12:58:51Z","3937CCC4DAFF437B","APX1278-queryA.sql",9,10,1,10,0.454672,0,25.574340820312500000,10.687255859375000000,,,36.000000,37.000000,16.038829,40.0,"logs/temp_controlled_samples/3937CCC4DAFF437B__APX1278-queryA.sql__loop9_run1.rapl.csv","queries","all","127.0.0.1:8000","2026-04-20T12:11:36Z"
"2026-04-20T12:59:10Z","3937CCC4DAFF437B","APX1278-queryA.sql",10,10,1,10,0.461509,0,25.617736816406250000,10.617797851562500000,,,36.000000,37.000000,16.039202,40.0,"logs/temp_controlled_samples/3937CCC4DAFF437B__APX1278-queryA.sql__loop10_run1.rapl.csv","queries","all","127.0.0.1:8000","2026-04-20T12:11:36Z"
"2026-04-20T12:59:28Z","3937CCC4DAFF437B","APX1278-queryB.sql",1,10,1,10,0.125441,0,15.787963867187500000,1.065673828125000000,,,36.000000,36.000000,16.049473,40.0,"logs/temp_controlled_samples/3937CCC4DAFF437B__APX1278-queryB.sql__loop1_run1.rapl.csv","queries","all","127.0.0.1:8000","2026-04-20T12:11:36Z"
"2026-04-20T12:59:46Z","3937CCC4DAFF437B","APX1278-queryB.sql",2,10,1,10,0.065145,0,15.696350097656250000,1.092529296875000000,,,36.000000,36.000000,16.040532,40.0,"logs/temp_controlled_samples/3937CCC4DAFF437B__APX1278-queryB.sql__loop2_run1.rapl.csv","queries","all","127.0.0.1:8000","2026-04-20T12:11:36Z"
"2026-04-20T13:00:04Z","3937CCC4DAFF437B","APX1278-queryB.sql",3,10,1,10,0.065807,0,15.695556640625000000,1.177795410156250000,,,35.000000,35.000000,16.045720,40.0,"logs/temp_controlled_samples/3937CCC4DAFF437B__APX1278-queryB.sql__loop3_run1.rapl.csv","queries","all","127.0.0.1:8000","2026-04-20T12:11:36Z"
"2026-04-20T13:00:23Z","3937CCC4DAFF437B","APX1278-queryB.sql",4,10,1,10,0.065481,0,15.783691406250000000,1.120605468750000000,,,35.000000,35.000000,16.044329,40.0,"logs/temp_controlled_samples/3937CCC4DAFF437B__APX1278-queryB.sql__loop4_run1.rapl.csv","queries","all","127.0.0.1:8000","2026-04-20T12:11:36Z"
"2026-04-20T13:00:41Z","3937CCC4DAFF437B","APX1278-queryB.sql",5,10,1,10,0.065718,0,15.683776855468750000,1.083374023437500000,,,35.000000,35.000000,16.048604,40.0,"logs/temp_controlled_samples/3937CCC4DAFF437B__APX1278-queryB.sql__loop5_run1.rapl.csv","queries","all","127.0.0.1:8000","2026-04-20T12:11:36Z"
"2026-04-20T13:00:59Z","3937CCC4DAFF437B","APX1278-queryB.sql",6,10,1,10,0.067526,0,15.646057128906250000,1.077880859375000000,,,35.000000,35.000000,16.044571,40.0,"logs/temp_controlled_samples/3937CCC4DAFF437B__APX1278-queryB.sql__loop6_run1.rapl.csv","queries","all","127.0.0.1:8000","2026-04-20T12:11:36Z"
"2026-04-20T13:01:17Z","3937CCC4DAFF437B","APX1278-queryB.sql",7,10,1,10,0.064914,0,15.623291015625000000,1.116699218750000000,,,35.000000,35.000000,16.039055,40.0,"logs/temp_controlled_samples/3937CCC4DAFF437B__APX1278-queryB.sql__loop7_run1.rapl.csv","queries","all","127.0.0.1:8000","2026-04-20T12:11:36Z"
"2026-04-20T13:01:36Z","3937CCC4DAFF437B","APX1278-queryB.sql",8,10,1,10,0.067962,0,15.688354492187500000,1.063476562500000000,,,35.000000,35.000000,16.038665,40.0,"logs/temp_controlled_samples/3937CCC4DAFF437B__APX1278-queryB.sql__loop8_run1.rapl.csv","queries","all","127.0.0.1:8000","2026-04-20T12:11:36Z"
"2026-04-20T13:01:54Z","3937CCC4DAFF437B","APX1278-queryB.sql",9,10,1,10,0.067227,0,15.711120605468750000,1.118408203125000000,,,35.000000,35.000000,16.039673,40.0,"logs/temp_controlled_samples/3937CCC4DAFF437B__APX1278-queryB.sql__loop9_run1.rapl.csv","queries","all","127.0.0.1:8000","2026-04-20T12:11:36Z"
"2026-04-20T13:02:12Z","3937CCC4DAFF437B","APX1278-queryB.sql",10,10,1,10,0.070372,0,15.759704589843750000,1.115661621093750000,,,35.000000,35.000000,16.037958,40.0,"logs/temp_controlled_samples/3937CCC4DAFF437B__APX1278-queryB.sql__loop10_run1.rapl.csv","queries","all","127.0.0.1:8000","2026-04-20T12:11:36Z"
"2026-04-20T13:02:30Z","3937CCC4DAFF437B","PE002-queryA.sql",1,10,1,10,0.231796,0,16.266479492187500000,1.416564941406250000,,,35.000000,35.000000,16.032837,40.0,"logs/temp_controlled_samples/3937CCC4DAFF437B__PE002-queryA.sql__loop1_run1.rapl.csv","queries","all","127.0.0.1:8000","2026-04-20T12:11:36Z"
"2026-04-20T13:02:49Z","3937CCC4DAFF437B","PE002-queryA.sql",2,10,1,10,0.101057,0,16.034606933593750000,1.420043945312500000,,,35.000000,35.000000,16.041221,40.0,"logs/temp_controlled_samples/3937CCC4DAFF437B__PE002-queryA.sql__loop2_run1.rapl.csv","queries","all","127.0.0.1:8000","2026-04-20T12:11:36Z"
"2026-04-20T13:03:07Z","3937CCC4DAFF437B","PE002-queryA.sql",3,10,1,10,0.100973,0,15.960998535156250000,1.410949707031250000,,,35.000000,35.000000,16.047092,40.0,"logs/temp_controlled_samples/3937CCC4DAFF437B__PE002-queryA.sql__loop3_run1.rapl.csv","queries","all","127.0.0.1:8000","2026-04-20T12:11:36Z"
"2026-04-20T13:03:25Z","3937CCC4DAFF437B","PE002-queryA.sql",4,10,1,10,0.098601,0,16.215942382812500000,1.556823730468750000,,,35.000000,34.000000,16.031946,40.0,"logs/temp_controlled_samples/3937CCC4DAFF437B__PE002-queryA.sql__loop4_run1.rapl.csv","queries","all","127.0.0.1:8000","2026-04-20T12:11:36Z"
"2026-04-20T13:03:43Z","3937CCC4DAFF437B","PE002-queryA.sql",5,10,1,10,0.101200,0,15.955078125000000000,1.400817871093750000,,,35.000000,35.000000,16.049532,40.0,"logs/temp_controlled_samples/3937CCC4DAFF437B__PE002-queryA.sql__loop5_run1.rapl.csv","queries","all","127.0.0.1:8000","2026-04-20T12:11:36Z"
"2026-04-20T13:04:01Z","3937CCC4DAFF437B","PE002-queryA.sql",6,10,1,10,0.096430,0,16.110900878906250000,1.444519042968750000,,,34.000000,35.000000,16.046434,40.0,"logs/temp_controlled_samples/3937CCC4DAFF437B__PE002-queryA.sql__loop6_run1.rapl.csv","queries","all","127.0.0.1:8000","2026-04-20T12:11:36Z"
"2026-04-20T13:04:20Z","3937CCC4DAFF437B","PE002-queryA.sql",7,10,1,10,0.104787,0,16.052429199218750000,1.435119628906250000,,,35.000000,35.000000,16.039518,40.0,"logs/temp_controlled_samples/3937CCC4DAFF437B__PE002-queryA.sql__loop7_run1.rapl.csv","queries","all","127.0.0.1:8000","2026-04-20T12:11:36Z"
"2026-04-20T13:04:38Z","3937CCC4DAFF437B","PE002-queryA.sql",8,10,1,10,0.096381,0,16.002014160156250000,1.385681152343750000,,,35.000000,35.000000,16.042168,40.0,"logs/temp_controlled_samples/3937CCC4DAFF437B__PE002-queryA.sql__loop8_run1.rapl.csv","queries","all","127.0.0.1:8000","2026-04-20T12:11:36Z"
"2026-04-20T13:04:56Z","3937CCC4DAFF437B","PE002-queryA.sql",9,10,1,10,0.102908,0,15.949829101562500000,1.398193359375000000,,,34.000000,35.000000,16.042324,40.0,"logs/temp_controlled_samples/3937CCC4DAFF437B__PE002-queryA.sql__loop9_run1.rapl.csv","queries","all","127.0.0.1:8000","2026-04-20T12:11:36Z"
"2026-04-20T13:05:14Z","3937CCC4DAFF437B","PE002-queryA.sql",10,10,1,10,0.097403,0,16.165283203125000000,1.501525878906250000,,,35.000000,35.000000,16.042540,40.0,"logs/temp_controlled_samples/3937CCC4DAFF437B__PE002-queryA.sql__loop10_run1.rapl.csv","queries","all","127.0.0.1:8000","2026-04-20T12:11:36Z"
"2026-04-20T13:05:33Z","3937CCC4DAFF437B","PE002-queryB.sql",1,10,1,10,0.179826,0,16.039306640625000000,1.363891601562500000,,,35.000000,34.000000,16.040475,40.0,"logs/temp_controlled_samples/3937CCC4DAFF437B__PE002-queryB.sql__loop1_run1.rapl.csv","queries","all","127.0.0.1:8000","2026-04-20T12:11:36Z"
"2026-04-20T13:05:51Z","3937CCC4DAFF437B","PE002-queryB.sql",2,10,1,10,0.101298,0,15.884704589843750000,1.429138183593750000,,,35.000000,35.000000,16.048975,40.0,"logs/temp_controlled_samples/3937CCC4DAFF437B__PE002-queryB.sql__loop2_run1.rapl.csv","queries","all","127.0.0.1:8000","2026-04-20T12:11:36Z"
"2026-04-20T13:06:09Z","3937CCC4DAFF437B","PE002-queryB.sql",3,10,1,10,0.100880,0,16.029602050781250000,1.424560546875000000,,,34.000000,35.000000,16.045858,40.0,"logs/temp_controlled_samples/3937CCC4DAFF437B__PE002-queryB.sql__loop3_run1.rapl.csv","queries","all","127.0.0.1:8000","2026-04-20T12:11:36Z"
"2026-04-20T13:06:27Z","3937CCC4DAFF437B","PE002-queryB.sql",4,10,1,10,0.101856,0,15.832031250000000000,1.440551757812500000,,,35.000000,35.000000,16.040487,40.0,"logs/temp_controlled_samples/3937CCC4DAFF437B__PE002-queryB.sql__loop4_run1.rapl.csv","queries","all","127.0.0.1:8000","2026-04-20T12:11:36Z"
"2026-04-20T13:06:46Z","3937CCC4DAFF437B","PE002-queryB.sql",5,10,1,10,0.097797,0,16.044738769531250000,1.442321777343750000,,,34.000000,35.000000,16.039687,40.0,"logs/temp_controlled_samples/3937CCC4DAFF437B__PE002-queryB.sql__loop5_run1.rapl.csv","queries","all","127.0.0.1:8000","2026-04-20T12:11:36Z"
"2026-04-20T13:07:04Z","3937CCC4DAFF437B","PE002-queryB.sql",6,10,1,10,0.100709,0,16.061279296875000000,1.431945800781250000,,,35.000000,35.000000,16.049697,40.0,"logs/temp_controlled_samples/3937CCC4DAFF437B__PE002-queryB.sql__loop6_run1.rapl.csv","queries","all","127.0.0.1:8000","2026-04-20T12:11:36Z"
"2026-04-20T13:07:22Z","3937CCC4DAFF437B","PE002-queryB.sql",7,10,1,10,0.121719,0,15.797607421875000000,1.367797851562500000,,,35.000000,35.000000,16.042524,40.0,"logs/temp_controlled_samples/3937CCC4DAFF437B__PE002-queryB.sql__loop7_run1.rapl.csv","queries","all","127.0.0.1:8000","2026-04-20T12:11:36Z"
"2026-04-20T13:07:40Z","3937CCC4DAFF437B","PE002-queryB.sql",8,10,1,10,0.103313,0,16.114135742187500000,1.432006835937500000,,,35.000000,35.000000,16.058453,40.0,"logs/temp_controlled_samples/3937CCC4DAFF437B__PE002-queryB.sql__loop8_run1.rapl.csv","queries","all","127.0.0.1:8000","2026-04-20T12:11:36Z"
"2026-04-20T13:07:59Z","3937CCC4DAFF437B","PE002-queryB.sql",9,10,1,10,0.102354,0,15.882873535156250000,1.406921386718750000,,,35.000000,35.000000,16.047137,40.0,"logs/temp_controlled_samples/3937CCC4DAFF437B__PE002-queryB.sql__loop9_run1.rapl.csv","queries","all","127.0.0.1:8000","2026-04-20T12:11:36Z"
"2026-04-20T13:08:17Z","3937CCC4DAFF437B","PE002-queryB.sql",10,10,1,10,0.099034,0,16.079101562500000000,1.479187011718750000,,,35.000000,35.000000,16.043150,40.0,"logs/temp_controlled_samples/3937CCC4DAFF437B__PE002-queryB.sql__loop10_run1.rapl.csv","queries","all","127.0.0.1:8000","2026-04-20T12:11:36Z"
"2026-04-20T13:08:38Z","3937CCC4DAFF437B","PE017-queryA.sql",1,10,1,10,2.873117,0,46.710632324218750000,29.640502929687500000,,,35.000000,37.000000,16.044550,40.0,"logs/temp_controlled_samples/3937CCC4DAFF437B__PE017-queryA.sql__loop1_run1.rapl.csv","queries","all","127.0.0.1:8000","2026-04-20T12:11:36Z"
"2026-04-20T13:08:59Z","3937CCC4DAFF437B","PE017-queryA.sql",2,10,1,10,2.795056,0,46.070007324218750000,29.287597656250000000,,,36.000000,37.000000,16.048771,40.0,"logs/temp_controlled_samples/3937CCC4DAFF437B__PE017-queryA.sql__loop2_run1.rapl.csv","queries","all","127.0.0.1:8000","2026-04-20T12:11:36Z"
"2026-04-20T13:09:20Z","3937CCC4DAFF437B","PE017-queryA.sql",3,10,1,10,2.782695,0,46.071533203125000000,29.243347167968750000,,,37.000000,38.000000,16.034032,40.0,"logs/temp_controlled_samples/3937CCC4DAFF437B__PE017-queryA.sql__loop3_run1.rapl.csv","queries","all","127.0.0.1:8000","2026-04-20T12:11:36Z"
"2026-04-20T13:09:41Z","3937CCC4DAFF437B","PE017-queryA.sql",4,10,1,10,2.689465,0,45.754089355468750000,29.009948730468750000,,,37.000000,38.000000,16.045303,40.0,"logs/temp_controlled_samples/3937CCC4DAFF437B__PE017-queryA.sql__loop4_run1.rapl.csv","queries","all","127.0.0.1:8000","2026-04-20T12:11:36Z"
"2026-04-20T13:10:02Z","3937CCC4DAFF437B","PE017-queryA.sql",5,10,1,10,2.770460,0,46.107971191406250000,29.396728515625000000,,,37.000000,38.000000,16.032600,40.0,"logs/temp_controlled_samples/3937CCC4DAFF437B__PE017-queryA.sql__loop5_run1.rapl.csv","queries","all","127.0.0.1:8000","2026-04-20T12:11:36Z"
"2026-04-20T13:10:22Z","3937CCC4DAFF437B","PE017-queryA.sql",6,10,1,10,2.787539,0,46.225097656250000000,29.418457031250000000,,,37.000000,39.000000,16.042339,40.0,"logs/temp_controlled_samples/3937CCC4DAFF437B__PE017-queryA.sql__loop6_run1.rapl.csv","queries","all","127.0.0.1:8000","2026-04-20T12:11:36Z"
"2026-04-20T13:10:43Z","3937CCC4DAFF437B","PE017-queryA.sql",7,10,1,10,2.787569,0,45.899291992187500000,29.240966796875000000,,,37.000000,39.000000,16.047004,40.0,"logs/temp_controlled_samples/3937CCC4DAFF437B__PE017-queryA.sql__loop7_run1.rapl.csv","queries","all","127.0.0.1:8000","2026-04-20T12:11:36Z"
"2026-04-20T13:11:04Z","3937CCC4DAFF437B","PE017-queryA.sql",8,10,1,10,2.641387,0,45.697509765625000000,29.066833496093750000,,,38.000000,39.000000,16.043016,40.0,"logs/temp_controlled_samples/3937CCC4DAFF437B__PE017-queryA.sql__loop8_run1.rapl.csv","queries","all","127.0.0.1:8000","2026-04-20T12:11:36Z"
"2026-04-20T13:11:25Z","3937CCC4DAFF437B","PE017-queryA.sql",9,10,1,10,2.650120,0,45.683288574218750000,29.077758789062500000,,,37.000000,39.000000,16.032849,40.0,"logs/temp_controlled_samples/3937CCC4DAFF437B__PE017-queryA.sql__loop9_run1.rapl.csv","queries","all","127.0.0.1:8000","2026-04-20T12:11:36Z"
"2026-04-20T13:11:46Z","3937CCC4DAFF437B","PE017-queryA.sql",10,10,1,10,2.791268,0,46.223144531250000000,29.404907226562500000,,,37.000000,39.000000,16.037382,40.0,"logs/temp_controlled_samples/3937CCC4DAFF437B__PE017-queryA.sql__loop10_run1.rapl.csv","queries","all","127.0.0.1:8000","2026-04-20T12:11:36Z"
"2026-04-20T13:12:05Z","3937CCC4DAFF437B","PE017-queryB.sql",1,10,1,10,1.101519,0,26.320434570312500000,10.967529296875000000,,,37.000000,38.000000,16.043243,40.0,"logs/temp_controlled_samples/3937CCC4DAFF437B__PE017-queryB.sql__loop1_run1.rapl.csv","queries","all","127.0.0.1:8000","2026-04-20T12:11:36Z"
"2026-04-20T13:12:24Z","3937CCC4DAFF437B","PE017-queryB.sql",2,10,1,10,1.008989,0,26.240722656250000000,10.917358398437500000,,,37.000000,38.000000,16.045694,40.0,"logs/temp_controlled_samples/3937CCC4DAFF437B__PE017-queryB.sql__loop2_run1.rapl.csv","queries","all","127.0.0.1:8000","2026-04-20T12:11:36Z"
"2026-04-20T13:12:43Z","3937CCC4DAFF437B","PE017-queryB.sql",3,10,1,10,0.999340,0,26.151489257812500000,10.861999511718750000,,,37.000000,37.000000,16.038358,40.0,"logs/temp_controlled_samples/3937CCC4DAFF437B__PE017-queryB.sql__loop3_run1.rapl.csv","queries","all","127.0.0.1:8000","2026-04-20T12:11:36Z"
"2026-04-20T13:13:03Z","3937CCC4DAFF437B","PE017-queryB.sql",4,10,1,10,1.047799,0,26.192260742187500000,10.827453613281250000,,,37.000000,37.000000,16.042920,40.0,"logs/temp_controlled_samples/3937CCC4DAFF437B__PE017-queryB.sql__loop4_run1.rapl.csv","queries","all","127.0.0.1:8000","2026-04-20T12:11:36Z"
"2026-04-20T13:13:22Z","3937CCC4DAFF437B","PE017-queryB.sql",5,10,1,10,1.049541,0,26.423156738281250000,10.920593261718750000,,,37.000000,38.000000,16.051459,40.0,"logs/temp_controlled_samples/3937CCC4DAFF437B__PE017-queryB.sql__loop5_run1.rapl.csv","queries","all","127.0.0.1:8000","2026-04-20T12:11:36Z"
"2026-04-20T13:13:41Z","3937CCC4DAFF437B","PE017-queryB.sql",6,10,1,10,0.997059,0,26.119323730468750000,10.915039062500000000,,,36.000000,37.000000,16.042558,40.0,"logs/temp_controlled_samples/3937CCC4DAFF437B__PE017-queryB.sql__loop6_run1.rapl.csv","queries","all","127.0.0.1:8000","2026-04-20T12:11:36Z"
"2026-04-20T13:14:00Z","3937CCC4DAFF437B","PE017-queryB.sql",7,10,1,10,1.049553,0,26.205993652343750000,10.873840332031250000,,,36.000000,37.000000,16.039549,40.0,"logs/temp_controlled_samples/3937CCC4DAFF437B__PE017-queryB.sql__loop7_run1.rapl.csv","queries","all","127.0.0.1:8000","2026-04-20T12:11:36Z"
"2026-04-20T13:14:19Z","3937CCC4DAFF437B","PE017-queryB.sql",8,10,1,10,1.050762,0,26.421936035156250000,10.955444335937500000,,,36.000000,37.000000,16.033903,40.0,"logs/temp_controlled_samples/3937CCC4DAFF437B__PE017-queryB.sql__loop8_run1.rapl.csv","queries","all","127.0.0.1:8000","2026-04-20T12:11:36Z"
"2026-04-20T13:14:38Z","3937CCC4DAFF437B","PE017-queryB.sql",9,10,1,10,1.065830,0,26.319458007812500000,10.946411132812500000,,,37.000000,37.000000,16.042126,40.0,"logs/temp_controlled_samples/3937CCC4DAFF437B__PE017-queryB.sql__loop9_run1.rapl.csv","queries","all","127.0.0.1:8000","2026-04-20T12:11:36Z"
"2026-04-20T13:14:58Z","3937CCC4DAFF437B","PE017-queryB.sql",10,10,1,10,1.043580,0,26.332763671875000000,10.917114257812500000,,,37.000000,37.000000,16.039138,40.0,"logs/temp_controlled_samples/3937CCC4DAFF437B__PE017-queryB.sql__loop10_run1.rapl.csv","queries","all","127.0.0.1:8000","2026-04-20T12:11:36Z"
"2026-04-20T13:15:16Z","3937CCC4DAFF437B","PE019-queryA.sql",1,10,1,10,0.654858,0,20.349304199218750000,4.843505859375000000,,,37.000000,37.000000,16.040302,40.0,"logs/temp_controlled_samples/3937CCC4DAFF437B__PE019-queryA.sql__loop1_run1.rapl.csv","queries","all","127.0.0.1:8000","2026-04-20T12:11:36Z"
"2026-04-20T13:15:35Z","3937CCC4DAFF437B","PE019-queryA.sql",2,10,1,10,0.414893,0,19.553405761718750000,4.605712890625000000,,,36.000000,37.000000,16.041264,40.0,"logs/temp_controlled_samples/3937CCC4DAFF437B__PE019-queryA.sql__loop2_run1.rapl.csv","queries","all","127.0.0.1:8000","2026-04-20T12:11:36Z"
"2026-04-20T13:15:54Z","3937CCC4DAFF437B","PE019-queryA.sql",3,10,1,10,0.397943,0,19.451721191406250000,4.604980468750000000,,,36.000000,37.000000,16.041711,40.0,"logs/temp_controlled_samples/3937CCC4DAFF437B__PE019-queryA.sql__loop3_run1.rapl.csv","queries","all","127.0.0.1:8000","2026-04-20T12:11:36Z"
"2026-04-20T13:16:12Z","3937CCC4DAFF437B","PE019-queryA.sql",4,10,1,10,0.421103,0,19.528930664062500000,4.640441894531250000,,,36.000000,37.000000,16.040253,40.0,"logs/temp_controlled_samples/3937CCC4DAFF437B__PE019-queryA.sql__loop4_run1.rapl.csv","queries","all","127.0.0.1:8000","2026-04-20T12:11:36Z"
"2026-04-20T13:16:31Z","3937CCC4DAFF437B","PE019-queryA.sql",5,10,1,10,0.415119,0,19.414001464843750000,4.626342773437500000,,,36.000000,37.000000,16.049386,40.0,"logs/temp_controlled_samples/3937CCC4DAFF437B__PE019-queryA.sql__loop5_run1.rapl.csv","queries","all","127.0.0.1:8000","2026-04-20T12:11:36Z"
"2026-04-20T13:16:49Z","3937CCC4DAFF437B","PE019-queryA.sql",6,10,1,10,0.398292,0,19.503967285156250000,4.596252441406250000,,,36.000000,36.000000,16.037712,40.0,"logs/temp_controlled_samples/3937CCC4DAFF437B__PE019-queryA.sql__loop6_run1.rapl.csv","queries","all","127.0.0.1:8000","2026-04-20T12:11:36Z"
"2026-04-20T13:17:08Z","3937CCC4DAFF437B","PE019-queryA.sql",7,10,1,10,0.417797,0,19.652526855468750000,4.671325683593750000,,,36.000000,36.000000,16.038616,40.0,"logs/temp_controlled_samples/3937CCC4DAFF437B__PE019-queryA.sql__loop7_run1.rapl.csv","queries","all","127.0.0.1:8000","2026-04-20T12:11:36Z"
"2026-04-20T13:17:26Z","3937CCC4DAFF437B","PE019-queryA.sql",8,10,1,10,0.420375,0,19.451354980468750000,4.583862304687500000,,,36.000000,36.000000,16.040884,40.0,"logs/temp_controlled_samples/3937CCC4DAFF437B__PE019-queryA.sql__loop8_run1.rapl.csv","queries","all","127.0.0.1:8000","2026-04-20T12:11:36Z"
"2026-04-20T13:17:45Z","3937CCC4DAFF437B","PE019-queryA.sql",9,10,1,10,0.399818,0,19.436889648437500000,4.533752441406250000,,,36.000000,36.000000,16.044349,40.0,"logs/temp_controlled_samples/3937CCC4DAFF437B__PE019-queryA.sql__loop9_run1.rapl.csv","queries","all","127.0.0.1:8000","2026-04-20T12:11:36Z"
"2026-04-20T13:18:03Z","3937CCC4DAFF437B","PE019-queryA.sql",10,10,1,10,0.412716,0,19.416198730468750000,4.620849609375000000,,,36.000000,37.000000,16.042638,40.0,"logs/temp_controlled_samples/3937CCC4DAFF437B__PE019-queryA.sql__loop10_run1.rapl.csv","queries","all","127.0.0.1:8000","2026-04-20T12:11:36Z"
"2026-04-20T13:18:22Z","3937CCC4DAFF437B","PE019-queryB.sql",1,10,1,10,0.455757,0,19.659118652343750000,4.598693847656250000,,,36.000000,36.000000,16.040916,40.0,"logs/temp_controlled_samples/3937CCC4DAFF437B__PE019-queryB.sql__loop1_run1.rapl.csv","queries","all","127.0.0.1:8000","2026-04-20T12:11:36Z"
"2026-04-20T13:18:41Z","3937CCC4DAFF437B","PE019-queryB.sql",2,10,1,10,0.402157,0,19.381774902343750000,4.525146484375000000,,,36.000000,36.000000,16.049225,40.0,"logs/temp_controlled_samples/3937CCC4DAFF437B__PE019-queryB.sql__loop2_run1.rapl.csv","queries","all","127.0.0.1:8000","2026-04-20T12:11:36Z"
"2026-04-20T13:18:59Z","3937CCC4DAFF437B","PE019-queryB.sql",3,10,1,10,0.399082,0,19.487854003906250000,4.634521484375000000,,,36.000000,36.000000,16.035969,40.0,"logs/temp_controlled_samples/3937CCC4DAFF437B__PE019-queryB.sql__loop3_run1.rapl.csv","queries","all","127.0.0.1:8000","2026-04-20T12:11:36Z"
"2026-04-20T13:19:18Z","3937CCC4DAFF437B","PE019-queryB.sql",4,10,1,10,0.419690,0,19.448669433593750000,4.550354003906250000,,,36.000000,36.000000,16.039348,40.0,"logs/temp_controlled_samples/3937CCC4DAFF437B__PE019-queryB.sql__loop4_run1.rapl.csv","queries","all","127.0.0.1:8000","2026-04-20T12:11:36Z"
"2026-04-20T13:19:36Z","3937CCC4DAFF437B","PE019-queryB.sql",5,10,1,10,0.414134,0,19.361389160156250000,4.569580078125000000,,,36.000000,36.000000,16.041916,40.0,"logs/temp_controlled_samples/3937CCC4DAFF437B__PE019-queryB.sql__loop5_run1.rapl.csv","queries","all","127.0.0.1:8000","2026-04-20T12:11:36Z"
"2026-04-20T13:19:55Z","3937CCC4DAFF437B","PE019-queryB.sql",6,10,1,10,0.407298,0,19.493408203125000000,4.605773925781250000,,,36.000000,36.000000,16.040654,40.0,"logs/temp_controlled_samples/3937CCC4DAFF437B__PE019-queryB.sql__loop6_run1.rapl.csv","queries","all","127.0.0.1:8000","2026-04-20T12:11:36Z"
"2026-04-20T13:20:13Z","3937CCC4DAFF437B","PE019-queryB.sql",7,10,1,10,0.400288,0,19.481933593750000000,4.630554199218750000,,,36.000000,36.000000,16.040078,40.0,"logs/temp_controlled_samples/3937CCC4DAFF437B__PE019-queryB.sql__loop7_run1.rapl.csv","queries","all","127.0.0.1:8000","2026-04-20T12:11:36Z"
"2026-04-20T13:20:32Z","3937CCC4DAFF437B","PE019-queryB.sql",8,10,1,10,0.401444,0,19.401611328125000000,4.544677734375000000,,,36.000000,36.000000,16.042115,40.0,"logs/temp_controlled_samples/3937CCC4DAFF437B__PE019-queryB.sql__loop8_run1.rapl.csv","queries","all","127.0.0.1:8000","2026-04-20T12:11:36Z"
"2026-04-20T13:20:50Z","3937CCC4DAFF437B","PE019-queryB.sql",9,10,1,10,0.412989,0,19.482055664062500000,4.613281250000000000,,,36.000000,36.000000,16.046253,40.0,"logs/temp_controlled_samples/3937CCC4DAFF437B__PE019-queryB.sql__loop9_run1.rapl.csv","queries","all","127.0.0.1:8000","2026-04-20T12:11:36Z"
"2026-04-20T13:20:53Z","3937CCC4DAFF437B","PE019-queryB.sql",10,10,1,10,0.399869,0,5.343200683593750000,4.138671875000000000,,,35.000000,36.000000,0.000000,40.0,"logs/temp_controlled_samples/3937CCC4DAFF437B__PE019-queryB.sql__loop10_run1.rapl.csv","queries","all","127.0.0.1:8000","2026-04-20T12:11:36Z"
