Core	CPU	Avg_MHz	Busy%	Bzy_MHz	TSC_MHz	IPC	CoreTmp	PkgTmp	PkgWatt	CorWatt	RAMWatt
-	-	667	27.39	2435	2401	0.19	68	68	7.14	5.69	0.25
0	0	85	6.83	1243	2400	0.04	68	68	7.14	5.69	0.25
0	2	2426	93.04	2607	2400	0.21
1	1	77	4.80	1610	2400	0.04	56
1	3	79	4.88	1621	2400	0.01
Core	CPU	Avg_MHz	Busy%	Bzy_MHz	TSC_MHz	IPC	CoreTmp	PkgTmp	PkgWatt	CorWatt	RAMWatt
-	-	731	26.30	2788	2392	0.20	66	66	7.81	6.37	0.26
0	0	70	2.56	2738	2400	0.04	55	66	7.86	6.40	0.26
0	2	1436	51.46	2792	2400	0.20
1	1	1076	38.56	2791	2400	0.23	66
1	3	351	12.65	2777	2400	0.17
Core	CPU	Avg_MHz	Busy%	Bzy_MHz	TSC_MHz	IPC	CoreTmp	PkgTmp	PkgWatt	CorWatt	RAMWatt
-	-	731	26.16	2788	2406	0.23	65	65	7.85	6.39	0.26
0	0	283	10.26	2757	2400	0.05	65	65	7.83	6.37	0.26
0	2	84	3.11	2714	2400	0.01
1	1	2489	89.06	2794	2400	0.26	57
1	3	61	2.20	2772	2400	0.02
Core	CPU	Avg_MHz	Busy%	Bzy_MHz	TSC_MHz	IPC	CoreTmp	PkgTmp	PkgWatt	CorWatt	RAMWatt
-	-	719	25.78	2791	2400	0.20	69	69	7.93	6.45	0.24
0	0	2688	96.14	2795	2400	0.21	69	69	7.93	6.45	0.24
0	2	58	2.09	2798	2400	0.01
1	1	64	2.39	2701	2400	0.01	57
1	3	68	2.50	2700	2400	0.01
Core	CPU	Avg_MHz	Busy%	Bzy_MHz	TSC_MHz	IPC	CoreTmp	PkgTmp	PkgWatt	CorWatt	RAMWatt
-	-	732	26.24	2788	2402	0.20	67	67	7.99	6.44	0.26
0	0	881	31.57	2789	2400	0.23	56	67	7.97	6.42	0.26
0	2	123	4.51	2736	2400	0.01
1	1	69	2.53	2748	2400	0.01	67
1	3	1853	66.35	2792	2400	0.20
Core	CPU	Avg_MHz	Busy%	Bzy_MHz	TSC_MHz	IPC	CoreTmp	PkgTmp	PkgWatt	CorWatt	RAMWatt
-	-	732	26.26	2788	2399	0.20	69	69	7.95	6.42	0.26
0	0	276	9.98	2761	2400	0.08	69	69	7.97	6.43	0.26
0	2	583	20.95	2785	2400	0.20
1	1	505	18.12	2786	2400	0.25	57
1	3	1563	55.96	2794	2400	0.21
Core	CPU	Avg_MHz	Busy%	Bzy_MHz	TSC_MHz	IPC	CoreTmp	PkgTmp	PkgWatt	CorWatt	RAMWatt
-	-	724	25.95	2790	2401	0.20	69	69	7.98	6.51	0.24
0	0	315	11.25	2796	2400	0.18	69	69	7.97	6.50	0.24
0	2	2434	87.09	2795	2400	0.22
1	1	75	2.78	2701	2400	0.01	58
1	3	73	2.70	2700	2400	0.01
Core	CPU	Avg_MHz	Busy%	Bzy_MHz	TSC_MHz	IPC	CoreTmp	PkgTmp	PkgWatt	CorWatt	RAMWatt
-	-	731	26.32	2788	2391	0.19	67	67	7.94	6.39	0.26
0	0	79	2.89	2713	2400	0.01	56	67	7.99	6.43	0.26
0	2	457	16.45	2777	2400	0.20
1	1	71	2.58	2767	2400	0.01	67
1	3	2322	83.10	2794	2400	0.20
Core	CPU	Avg_MHz	Busy%	Bzy_MHz	TSC_MHz	IPC	CoreTmp	PkgTmp	PkgWatt	CorWatt	RAMWatt
-	-	732	26.17	2788	2409	0.22	69	69	8.05	6.48	0.27
0	0	1260	45.17	2789	2400	0.19	69	69	8.00	6.44	0.26
0	2	72	2.62	2732	2400	0.01
1	1	1515	54.29	2792	2400	0.26	58
1	3	70	2.54	2739	2400	0.03
Core	CPU	Avg_MHz	Busy%	Bzy_MHz	TSC_MHz	IPC	CoreTmp	PkgTmp	PkgWatt	CorWatt	RAMWatt
-	-	731	26.21	2788	2400	0.20	64	64	8.04	6.50	0.25
0	0	2599	93.01	2794	2400	0.22	59	64	8.04	6.50	0.25
0	2	55	1.97	2785	2400	0.01
1	1	81	2.98	2707	2400	0.01	64
1	3	188	6.87	2740	2400	0.08
Core	CPU	Avg_MHz	Busy%	Bzy_MHz	TSC_MHz	IPC	CoreTmp	PkgTmp	PkgWatt	CorWatt	RAMWatt
-	-	721	25.85	2789	2399	0.20	70	70	8.03	6.46	0.25
0	0	55	1.98	2792	2400	0.02	70	70	8.04	6.48	0.25
0	2	2691	96.30	2794	2400	0.21
1	1	65	2.40	2701	2400	0.01	58
1	3	73	2.68	2704	2400	0.03
Core	CPU	Avg_MHz	Busy%	Bzy_MHz	TSC_MHz	IPC	CoreTmp	PkgTmp	PkgWatt	CorWatt	RAMWatt
-	-	734	26.31	2789	2401	0.19	71	71	8.07	6.50	0.26
0	0	441	15.78	2791	2400	0.10	71	71	8.05	6.49	0.26
0	2	2341	83.75	2795	2400	0.22
1	1	73	2.70	2701	2400	0.03	58
1	3	82	3.02	2703	2400	0.04
Core	CPU	Avg_MHz	Busy%	Bzy_MHz	TSC_MHz	IPC	CoreTmp	PkgTmp	PkgWatt	CorWatt	RAMWatt
-	-	732	26.26	2788	2400	0.19	67	67	8.05	6.49	0.26
0	0	70	2.54	2760	2400	0.01	58	67	8.05	6.49	0.26
0	2	2139	76.57	2794	2400	0.21
1	1	74	2.72	2716	2400	0.01	67
1	3	646	23.21	2782	2400	0.14
Core	CPU	Avg_MHz	Busy%	Bzy_MHz	TSC_MHz	IPC	CoreTmp	PkgTmp	PkgWatt	CorWatt	RAMWatt
-	-	719	25.77	2791	2400	0.20	68	68	8.01	6.47	0.24
0	0	67	2.49	2701	2400	0.01	57	68	8.01	6.47	0.24
0	2	65	2.41	2700	2400	0.01
1	1	49	1.75	2798	2400	0.02	68
1	3	2695	96.42	2796	2400	0.22
Core	CPU	Avg_MHz	Busy%	Bzy_MHz	TSC_MHz	IPC	CoreTmp	PkgTmp	PkgWatt	CorWatt	RAMWatt
-	-	731	26.25	2788	2399	0.19	70	70	8.02	6.48	0.26
0	0	134	4.84	2763	2400	0.09	70	70	8.04	6.49	0.26
0	2	2128	76.14	2795	2400	0.20
1	1	74	2.73	2717	2400	0.03	58
1	3	591	21.23	2782	2400	0.20
Core	CPU	Avg_MHz	Busy%	Bzy_MHz	TSC_MHz	IPC	CoreTmp	PkgTmp	PkgWatt	CorWatt	RAMWatt
-	-	732	26.29	2788	2398	0.21	67	68	8.06	6.48	0.26
0	0	118	4.26	2763	2400	0.24	57	68	8.06	6.48	0.26
0	2	1629	58.35	2792	2400	0.21
1	1	1115	39.98	2789	2400	0.22	67
1	3	72	2.64	2727	2400	0.01
Core	CPU	Avg_MHz	Busy%	Bzy_MHz	TSC_MHz	IPC	CoreTmp	PkgTmp	PkgWatt	CorWatt	RAMWatt
-	-	720	25.76	2791	2403	0.25	69	69	8.02	6.47	0.24
0	0	68	2.52	2701	2400	0.01	57	69	8.00	6.46	0.24
0	2	66	2.43	2700	2400	0.01
1	1	2695	96.39	2795	2400	0.26	69
1	3	51	1.81	2797	2400	0.01
Core	CPU	Avg_MHz	Busy%	Bzy_MHz	TSC_MHz	IPC	CoreTmp	PkgTmp	PkgWatt	CorWatt	RAMWatt
-	-	732	26.26	2789	2399	0.19	71	71	8.05	6.50	0.26
0	0	87	3.15	2760	2400	0.01	71	71	8.06	6.51	0.26
0	2	2649	94.78	2795	2400	0.21
1	1	116	4.26	2719	2400	0.01	59
1	3	77	2.85	2702	2400	0.01
Core	CPU	Avg_MHz	Busy%	Bzy_MHz	TSC_MHz	IPC	CoreTmp	PkgTmp	PkgWatt	CorWatt	RAMWatt
-	-	732	26.25	2788	2401	0.20	69	69	8.05	6.48	0.26
0	0	1195	42.82	2790	2400	0.20	58	69	8.04	6.48	0.26
0	2	71	2.61	2731	2400	0.03
1	1	510	18.31	2784	2400	0.18	69
1	3	1151	41.23	2792	2400	0.22
Core	CPU	Avg_MHz	Busy%	Bzy_MHz	TSC_MHz	IPC	CoreTmp	PkgTmp	PkgWatt	CorWatt	RAMWatt
-	-	731	26.23	2788	2398	0.19	70	70	8.00	6.45	0.26
0	0	81	2.99	2714	2400	0.01	70	70	8.02	6.47	0.26
0	2	518	18.66	2776	2400	0.15
1	1	57	2.05	2770	2400	0.02	58
1	3	2267	81.16	2794	2400	0.21
Core	CPU	Avg_MHz	Busy%	Bzy_MHz	TSC_MHz	IPC	CoreTmp	PkgTmp	PkgWatt	CorWatt	RAMWatt
-	-	720	25.79	2791	2400	0.20	71	71	8.06	6.52	0.24
0	0	2688	96.15	2796	2400	0.21	71	71	8.06	6.52	0.24
0	2	60	2.13	2797	2400	0.10
1	1	65	2.42	2701	2400	0.01	59
1	3	67	2.49	2700	2400	0.01
Core	CPU	Avg_MHz	Busy%	Bzy_MHz	TSC_MHz	IPC	CoreTmp	PkgTmp	PkgWatt	CorWatt	RAMWatt
-	-	732	26.25	2788	2400	0.22	69	69	8.04	6.48	0.26
0	0	711	25.53	2784	2400	0.21	58	69	8.03	6.47	0.26
0	2	73	2.68	2717	2400	0.04
1	1	2074	74.26	2793	2400	0.23	69
1	3	69	2.49	2755	2400	0.02
Core	CPU	Avg_MHz	Busy%	Bzy_MHz	TSC_MHz	IPC	CoreTmp	PkgTmp	PkgWatt	CorWatt	RAMWatt
-	-	733	26.27	2787	2402	0.22	69	69	8.01	6.47	0.26
0	0	207	7.51	2750	2400	0.08	58	69	8.00	6.46	0.26
0	2	77	2.85	2706	2400	0.01
1	1	1779	63.70	2794	2400	0.27	69
1	3	867	31.07	2789	2400	0.18
Core	CPU	Avg_MHz	Busy%	Bzy_MHz	TSC_MHz	IPC	CoreTmp	PkgTmp	PkgWatt	CorWatt	RAMWatt
-	-	719	25.81	2791	2395	0.23	69	69	8.00	6.46	0.24
0	0	67	2.48	2701	2400	0.01	58	69	8.02	6.48	0.24
0	2	65	2.40	2700	2400	0.01
1	1	1564	55.93	2796	2400	0.25	69
1	3	1185	42.37	2796	2400	0.22
Core	CPU	Avg_MHz	Busy%	Bzy_MHz	TSC_MHz	IPC	CoreTmp	PkgTmp	PkgWatt	CorWatt	RAMWatt
-	-	732	26.23	2788	2403	0.23	69	69	8.03	6.48	0.26
0	0	100	3.69	2701	2400	0.01	58	69	8.02	6.47	0.26
0	2	79	2.91	2703	2400	0.01
1	1	2535	90.70	2795	2400	0.25	69
1	3	209	7.52	2780	2400	0.15
Core	CPU	Avg_MHz	Busy%	Bzy_MHz	TSC_MHz	IPC	CoreTmp	PkgTmp	PkgWatt	CorWatt	RAMWatt
-	-	733	26.29	2789	2397	0.21	69	69	8.02	6.45	0.26
0	0	76	2.81	2701	2400	0.01	58	69	8.03	6.46	0.26
0	2	80	2.96	2703	2400	0.04
1	1	1297	46.43	2794	2400	0.26	69
1	3	1481	52.99	2794	2400	0.19
Core	CPU	Avg_MHz	Busy%	Bzy_MHz	TSC_MHz	IPC	CoreTmp	PkgTmp	PkgWatt	CorWatt	RAMWatt
-	-	732	26.20	2788	2405	0.23	69	69	8.03	6.47	0.26
0	0	403	14.55	2773	2400	0.16	69	69	8.01	6.46	0.26
0	2	79	2.92	2708	2400	0.01
1	1	2375	85.01	2794	2400	0.26	59
1	3	63	2.26	2769	2400	0.01
Core	CPU	Avg_MHz	Busy%	Bzy_MHz	TSC_MHz	IPC	CoreTmp	PkgTmp	PkgWatt	CorWatt	RAMWatt
-	-	719	25.76	2791	2400	0.20	71	71	8.06	6.53	0.24
0	0	2695	96.39	2796	2400	0.22	71	71	8.06	6.53	0.24
0	2	50	1.80	2798	2400	0.02
1	1	64	2.38	2701	2400	0.01	59
1	3	67	2.47	2700	2400	0.01
Core	CPU	Avg_MHz	Busy%	Bzy_MHz	TSC_MHz	IPC	CoreTmp	PkgTmp	PkgWatt	CorWatt	RAMWatt
-	-	732	26.26	2788	2400	0.21	69	69	8.04	6.48	0.26
0	0	831	29.83	2786	2400	0.20	59	69	8.04	6.48	0.26
0	2	73	2.69	2719	2400	0.02
1	1	1956	70.07	2792	2400	0.24	69
1	3	68	2.45	2752	2400	0.04
Core	CPU	Avg_MHz	Busy%	Bzy_MHz	TSC_MHz	IPC	CoreTmp	PkgTmp	PkgWatt	CorWatt	RAMWatt
-	-	736	26.40	2787	2400	0.22	71	71	8.05	6.50	0.27
0	0	80	2.94	2721	2400	0.01	71	71	8.05	6.50	0.27
0	2	891	32.00	2784	2400	0.16
1	1	1897	67.93	2792	2400	0.26	59
1	3	75	2.73	2755	2400	0.01
Core	CPU	Avg_MHz	Busy%	Bzy_MHz	TSC_MHz	IPC	CoreTmp	PkgTmp	PkgWatt	CorWatt	RAMWatt
-	-	720	25.80	2791	2398	0.20	72	72	8.08	6.53	0.24
0	0	161	5.75	2796	2400	0.18	72	72	8.10	6.55	0.24
0	2	2589	92.60	2796	2400	0.21
1	1	63	2.33	2701	2400	0.01	58
1	3	66	2.46	2700	2400	0.01
Core	CPU	Avg_MHz	Busy%	Bzy_MHz	TSC_MHz	IPC	CoreTmp	PkgTmp	PkgWatt	CorWatt	RAMWatt
-	-	732	26.30	2788	2394	0.22	69	69	8.03	6.47	0.26
0	0	71	2.64	2708	2400	0.01	58	69	8.05	6.48	0.26
0	2	356	12.84	2770	2400	0.19
1	1	2432	87.06	2794	2400	0.24	69
1	3	76	2.73	2771	2400	0.04
Core	CPU	Avg_MHz	Busy%	Bzy_MHz	TSC_MHz	IPC	CoreTmp	PkgTmp	PkgWatt	CorWatt	RAMWatt
-	-	732	26.17	2788	2407	0.20	71	71	8.09	6.52	0.27
0	0	1353	48.48	2791	2400	0.19	71	71	8.05	6.49	0.26
0	2	77	2.83	2736	2400	0.01
1	1	558	20.00	2789	2400	0.24	60
1	3	931	33.38	2789	2400	0.22
Core	CPU	Avg_MHz	Busy%	Bzy_MHz	TSC_MHz	IPC	CoreTmp	PkgTmp	PkgWatt	CorWatt	RAMWatt
-	-	731	26.30	2788	2393	0.20	66	66	8.05	6.50	0.26
0	0	2508	89.77	2794	2400	0.21	59	66	8.09	6.53	0.26
0	2	64	2.32	2773	2400	0.01
1	1	276	9.98	2762	2400	0.15	66
1	3	88	3.24	2713	2400	0.01
Core	CPU	Avg_MHz	Busy%	Bzy_MHz	TSC_MHz	IPC	CoreTmp	PkgTmp	PkgWatt	CorWatt	RAMWatt
-	-	720	25.71	2791	2407	0.24	69	69	8.05	6.51	0.24
0	0	67	2.50	2701	2400	0.01	59	69	8.02	6.48	0.24
0	2	66	2.44	2700	2400	0.01
1	1	2619	93.69	2796	2400	0.26	69
1	3	118	4.22	2796	2400	0.01
Core	CPU	Avg_MHz	Busy%	Bzy_MHz	TSC_MHz	IPC	CoreTmp	PkgTmp	PkgWatt	CorWatt	RAMWatt
-	-	731	26.24	2787	2400	0.21	69	69	8.05	6.48	0.26
0	0	206	7.49	2744	2400	0.09	58	69	8.05	6.48	0.26
0	2	82	3.03	2705	2400	0.05
1	1	929	33.29	2792	2400	0.25	69
1	3	1708	61.16	2793	2400	0.21
Core	CPU	Avg_MHz	Busy%	Bzy_MHz	TSC_MHz	IPC	CoreTmp	PkgTmp	PkgWatt	CorWatt	RAMWatt
-	-	735	26.36	2788	2399	0.20	72	72	8.02	6.47	0.26
0	0	81	2.96	2718	2400	0.01	72	72	8.03	6.48	0.26
0	2	744	26.71	2784	2400	0.18
1	1	910	32.58	2792	2400	0.26	60
1	3	1204	43.14	2791	2400	0.19
Core	CPU	Avg_MHz	Busy%	Bzy_MHz	TSC_MHz	IPC	CoreTmp	PkgTmp	PkgWatt	CorWatt	RAMWatt
-	-	720	25.79	2791	2401	0.20	72	72	8.12	6.57	0.24
0	0	53	1.90	2798	2400	0.02	72	72	8.10	6.56	0.24
0	2	2696	96.44	2796	2400	0.21
1	1	64	2.38	2701	2400	0.01	60
1	3	67	2.47	2700	2400	0.01
Core	CPU	Avg_MHz	Busy%	Bzy_MHz	TSC_MHz	IPC	CoreTmp	PkgTmp	PkgWatt	CorWatt	RAMWatt
-	-	732	26.34	2788	2391	0.20	69	69	8.01	6.46	0.26
0	0	77	2.84	2712	2400	0.03	59	69	8.06	6.50	0.26
0	2	494	17.77	2778	2400	0.22
1	1	72	2.60	2766	2400	0.05	69
1	3	2288	81.91	2793	2400	0.20
Core	CPU	Avg_MHz	Busy%	Bzy_MHz	TSC_MHz	IPC	CoreTmp	PkgTmp	PkgWatt	CorWatt	RAMWatt
-	-	732	26.15	2788	2409	0.22	71	71	8.09	6.53	0.26
0	0	1228	44.01	2790	2400	0.18	71	71	8.04	6.49	0.26
0	2	75	2.76	2730	2400	0.01
1	1	1547	55.43	2792	2400	0.26	59
1	3	65	2.38	2742	2400	0.01
Core	CPU	Avg_MHz	Busy%	Bzy_MHz	TSC_MHz	IPC	CoreTmp	PkgTmp	PkgWatt	CorWatt	RAMWatt
-	-	731	26.26	2788	2396	0.20	65	65	8.10	6.55	0.25
0	0	2634	94.26	2794	2400	0.22	62	65	8.12	6.56	0.25
0	2	60	2.14	2782	2400	0.03
1	1	78	2.90	2704	2400	0.03	65
1	3	159	5.79	2737	2400	0.05
Core	CPU	Avg_MHz	Busy%	Bzy_MHz	TSC_MHz	IPC	CoreTmp	PkgTmp	PkgWatt	CorWatt	RAMWatt
-	-	720	25.76	2791	2404	0.20	69	69	8.05	6.50	0.25
0	0	69	2.55	2701	2400	0.01	59	69	8.03	6.48	0.25
0	2	69	2.54	2702	2400	0.03
1	1	51	1.81	2795	2400	0.02	69
1	3	2691	96.27	2795	2400	0.21
Core	CPU	Avg_MHz	Busy%	Bzy_MHz	TSC_MHz	IPC	CoreTmp	PkgTmp	PkgWatt	CorWatt	RAMWatt
-	-	733	26.32	2786	2400	0.19	69	69	8.05	6.49	0.26
0	0	207	7.52	2750	2400	0.08	59	69	8.05	6.49	0.26
0	2	87	3.21	2707	2400	0.01
1	1	61	2.19	2773	2400	0.01	69
1	3	2579	92.35	2792	2400	0.21
Core	CPU	Avg_MHz	Busy%	Bzy_MHz	TSC_MHz	IPC	CoreTmp	PkgTmp	PkgWatt	CorWatt	RAMWatt
-	-	732	26.25	2788	2400	0.21	71	71	8.05	6.49	0.26
0	0	611	21.97	2782	2400	0.17	71	71	8.05	6.49	0.26
0	2	73	2.67	2714	2400	0.02
1	1	1286	46.05	2794	2400	0.24	60
1	3	958	34.31	2791	2400	0.21
Core	CPU	Avg_MHz	Busy%	Bzy_MHz	TSC_MHz	IPC	CoreTmp	PkgTmp	PkgWatt	CorWatt	RAMWatt
-	-	719	25.78	2791	2400	0.20	72	72	8.09	6.55	0.24
0	0	2695	96.40	2796	2400	0.21	72	72	8.09	6.55	0.24
0	2	50	1.80	2798	2400	0.02
1	1	65	2.41	2701	2400	0.01	59
1	3	68	2.50	2700	2400	0.01
Core	CPU	Avg_MHz	Busy%	Bzy_MHz	TSC_MHz	IPC	CoreTmp	PkgTmp	PkgWatt	CorWatt	RAMWatt
-	-	732	26.32	2788	2396	0.19	69	69	8.06	6.49	0.26
0	0	627	22.53	2782	2400	0.22	59	69	8.08	6.51	0.26
0	2	75	2.75	2715	2400	0.01
1	1	65	2.36	2759	2400	0.01	69
1	3	2165	77.51	2793	2400	0.20
Core	CPU	Avg_MHz	Busy%	Bzy_MHz	TSC_MHz	IPC	CoreTmp	PkgTmp	PkgWatt	CorWatt	RAMWatt
-	-	732	26.24	2788	2403	0.20	72	72	8.08	6.52	0.26
0	0	78	2.86	2727	2400	0.01	72	72	8.08	6.52	0.26
0	2	1084	38.86	2789	2400	0.19
1	1	379	13.61	2781	2400	0.19	59
1	3	1386	49.61	2793	2400	0.22
Core	CPU	Avg_MHz	Busy%	Bzy_MHz	TSC_MHz	IPC	CoreTmp	PkgTmp	PkgWatt	CorWatt	RAMWatt
-	-	719	25.75	2791	2402	0.21	72	72	8.11	6.57	0.24
0	0	2688	96.17	2796	2400	0.22	72	72	8.09	6.55	0.24
0	2	49	1.77	2798	2400	0.02
1	1	66	2.43	2701	2400	0.02	60
1	3	67	2.46	2700	2400	0.01
Core	CPU	Avg_MHz	Busy%	Bzy_MHz	TSC_MHz	IPC	CoreTmp	PkgTmp	PkgWatt	CorWatt	RAMWatt
-	-	732	26.34	2788	2391	0.19	69	69	8.01	6.46	0.26
0	0	149	5.46	2733	2400	0.16	59	69	8.05	6.50	0.26
0	2	79	2.93	2704	2400	0.03
1	1	71	2.57	2775	2400	0.05	69
1	3	2628	94.06	2794	2400	0.21
Core	CPU	Avg_MHz	Busy%	Bzy_MHz	TSC_MHz	IPC	CoreTmp	PkgTmp	PkgWatt	CorWatt	RAMWatt
-	-	733	26.20	2788	2408	0.21	72	72	8.12	6.54	0.27
0	0	73	2.66	2741	2400	0.01	72	72	8.09	6.51	0.26
0	2	1572	56.32	2792	2400	0.20
1	1	1200	43.03	2789	2400	0.26	60
1	3	73	2.67	2731	2400	0.01
Core	CPU	Avg_MHz	Busy%	Bzy_MHz	TSC_MHz	IPC	CoreTmp	PkgTmp	PkgWatt	CorWatt	RAMWatt
-	-	733	26.29	2788	2401	0.20	69	69	8.13	6.56	0.26
0	0	69	2.48	2764	2400	0.03	59	69	8.11	6.55	0.26
0	2	2289	81.93	2794	2400	0.22
1	1	75	2.75	2711	2400	0.01	69
1	3	501	18.04	2778	2400	0.15
Core	CPU	Avg_MHz	Busy%	Bzy_MHz	TSC_MHz	IPC	CoreTmp	PkgTmp	PkgWatt	CorWatt	RAMWatt
-	-	719	25.78	2791	2400	0.22	69	69	8.07	6.51	0.24
0	0	68	2.52	2701	2400	0.01	59	69	8.07	6.51	0.24
0	2	65	2.42	2700	2400	0.01
1	1	1223	43.76	2795	2400	0.24	69
1	3	1521	54.41	2795	2400	0.22
Core	CPU	Avg_MHz	Busy%	Bzy_MHz	TSC_MHz	IPC	CoreTmp	PkgTmp	PkgWatt	CorWatt	RAMWatt
-	-	733	26.31	2788	2399	0.20	72	72	8.07	6.51	0.26
0	0	73	2.65	2755	2400	0.01	72	72	8.07	6.52	0.26
0	2	2049	73.37	2793	2400	0.20
1	1	636	22.86	2783	2400	0.24	60
1	3	175	6.33	2762	2400	0.10
Core	CPU	Avg_MHz	Busy%	Bzy_MHz	TSC_MHz	IPC	CoreTmp	PkgTmp	PkgWatt	CorWatt	RAMWatt
-	-	732	26.25	2788	2401	0.18	69	69	8.09	6.53	0.26
0	0	1705	61.08	2792	2400	0.22	59	69	8.08	6.52	0.26
0	2	172	6.18	2778	2400	0.01
1	1	74	2.73	2723	2400	0.02	69
1	3	975	34.99	2788	2400	0.17
Core	CPU	Avg_MHz	Busy%	Bzy_MHz	TSC_MHz	IPC	CoreTmp	PkgTmp	PkgWatt	CorWatt	RAMWatt
-	-	719	25.76	2791	2400	0.20	69	69	8.06	6.52	0.24
0	0	68	2.51	2701	2400	0.01	59	69	8.06	6.52	0.24
0	2	65	2.41	2700	2400	0.01
1	1	48	1.73	2798	2400	0.02	69
1	3	2695	96.41	2796	2400	0.22
Core	CPU	Avg_MHz	Busy%	Bzy_MHz	TSC_MHz	IPC	CoreTmp	PkgTmp	PkgWatt	CorWatt	RAMWatt
-	-	733	26.28	2788	2399	0.20	72	72	8.10	6.53	0.26
0	0	71	2.56	2771	2400	0.01	72	72	8.11	6.54	0.26
0	2	2526	90.39	2794	2400	0.20
1	1	73	2.71	2707	2400	0.01	60
1	3	261	9.44	2760	2400	0.24
Core	CPU	Avg_MHz	Busy%	Bzy_MHz	TSC_MHz	IPC	CoreTmp	PkgTmp	PkgWatt	CorWatt	RAMWatt
-	-	733	26.33	2788	2396	0.21	69	69	8.07	6.51	0.26
0	0	1221	43.75	2790	2400	0.21	59	69	8.08	6.52	0.26
0	2	191	6.90	2772	2400	0.15
1	1	1020	36.56	2791	2400	0.24	69
1	3	504	18.13	2782	2400	0.17
Core	CPU	Avg_MHz	Busy%	Bzy_MHz	TSC_MHz	IPC	CoreTmp	PkgTmp	PkgWatt	CorWatt	RAMWatt
-	-	731	26.18	2788	2405	0.23	70	70	8.06	6.50	0.26
0	0	379	13.67	2772	2400	0.13	70	70	8.04	6.48	0.26
0	2	82	3.01	2711	2400	0.02
1	1	2392	85.62	2794	2400	0.26	59
1	3	66	2.38	2777	2400	0.03
Core	CPU	Avg_MHz	Busy%	Bzy_MHz	TSC_MHz	IPC	CoreTmp	PkgTmp	PkgWatt	CorWatt	RAMWatt
-	-	719	25.77	2791	2400	0.20	71	71	8.08	6.54	0.24
0	0	2695	96.40	2796	2400	0.22	71	71	8.08	6.54	0.24
0	2	51	1.81	2798	2400	0.02
1	1	65	2.39	2701	2400	0.01	60
1	3	67	2.48	2700	2400	0.01
Core	CPU	Avg_MHz	Busy%	Bzy_MHz	TSC_MHz	IPC	CoreTmp	PkgTmp	PkgWatt	CorWatt	RAMWatt
-	-	736	26.42	2786	2400	0.19	70	70	8.09	6.52	0.27
0	0	863	30.97	2785	2400	0.20	59	70	8.09	6.52	0.27
0	2	76	2.77	2722	2400	0.01
1	1	69	2.51	2750	2400	0.02	70
1	3	1937	69.42	2791	2400	0.20
Core	CPU	Avg_MHz	Busy%	Bzy_MHz	TSC_MHz	IPC	CoreTmp	PkgTmp	PkgWatt	CorWatt	RAMWatt
-	-	732	26.28	2788	2398	0.21	71	71	8.03	6.47	0.26
0	0	853	30.61	2786	2400	0.18	71	71	8.06	6.49	0.26
0	2	83	3.04	2727	2400	0.03
1	1	1221	43.73	2793	2400	0.25	60
1	3	774	27.76	2789	2400	0.20
Core	CPU	Avg_MHz	Busy%	Bzy_MHz	TSC_MHz	IPC	CoreTmp	PkgTmp	PkgWatt	CorWatt	RAMWatt
-	-	719	25.78	2791	2400	0.20	72	72	8.10	6.55	0.24
0	0	2047	73.21	2796	2400	0.20	72	72	8.10	6.55	0.24
0	2	699	25.01	2796	2400	0.23
1	1	65	2.40	2701	2400	0.01	60
1	3	67	2.47	2700	2400	0.01
Core	CPU	Avg_MHz	Busy%	Bzy_MHz	TSC_MHz	IPC	CoreTmp	PkgTmp	PkgWatt	CorWatt	RAMWatt
-	-	732	26.25	2787	2402	0.19	72	72	8.08	6.51	0.26
0	0	2455	87.90	2793	2400	0.21	72	72	8.06	6.50	0.26
0	2	177	6.36	2788	2400	0.07
1	1	84	3.10	2706	2400	0.01	60
1	3	206	7.49	2750	2400	0.08
Core	CPU	Avg_MHz	Busy%	Bzy_MHz	TSC_MHz	IPC	CoreTmp	PkgTmp	PkgWatt	CorWatt	RAMWatt
-	-	732	26.35	2788	2391	0.19	69	69	8.02	6.47	0.26
0	0	1023	36.66	2791	2400	0.22	59	69	8.07	6.51	0.26
0	2	483	17.34	2783	2400	0.19
1	1	80	2.91	2739	2400	0.01	69
1	3	1352	48.45	2790	2400	0.19
Core	CPU	Avg_MHz	Busy%	Bzy_MHz	TSC_MHz	IPC	CoreTmp	PkgTmp	PkgWatt	CorWatt	RAMWatt
-	-	732	26.19	2788	2407	0.20	68	68	8.09	6.53	0.26
0	0	297	10.74	2764	2400	0.07	68	68	8.07	6.51	0.26
0	2	84	3.10	2714	2400	0.03
1	1	365	13.07	2791	2400	0.28	60
1	3	2181	78.07	2794	2400	0.21
Core	CPU	Avg_MHz	Busy%	Bzy_MHz	TSC_MHz	IPC	CoreTmp	PkgTmp	PkgWatt	CorWatt	RAMWatt
-	-	720	25.79	2791	2402	0.20	72	72	8.10	6.55	0.24
0	0	1077	38.54	2796	2400	0.22	72	72	8.08	6.53	0.24
0	2	1668	59.68	2796	2400	0.21
1	1	66	2.43	2701	2400	0.02	60
1	3	67	2.47	2700	2400	0.01
Core	CPU	Avg_MHz	Busy%	Bzy_MHz	TSC_MHz	IPC	CoreTmp	PkgTmp	PkgWatt	CorWatt	RAMWatt
-	-	737	26.43	2787	2400	0.19	70	70	8.09	6.53	0.26
0	0	76	2.78	2724	2400	0.01	59	70	8.09	6.53	0.26
0	2	931	33.42	2785	2400	0.22
1	1	81	2.97	2741	2400	0.02	70
1	3	1858	66.54	2792	2400	0.19
Core	CPU	Avg_MHz	Busy%	Bzy_MHz	TSC_MHz	IPC	CoreTmp	PkgTmp	PkgWatt	CorWatt	RAMWatt
-	-	732	26.32	2788	2393	0.20	69	70	8.03	6.48	0.26
0	0	80	2.94	2701	2400	0.02	59	70	8.06	6.51	0.26
0	2	98	3.62	2702	2400	0.02
1	1	752	26.91	2793	2400	0.22	69
1	3	2001	71.61	2794	2400	0.21
Core	CPU	Avg_MHz	Busy%	Bzy_MHz	TSC_MHz	IPC	CoreTmp	PkgTmp	PkgWatt	CorWatt	RAMWatt
-	-	720	25.75	2791	2405	0.24	70	70	8.09	6.53	0.24
0	0	68	2.51	2701	2400	0.01	59	70	8.06	6.52	0.24
0	2	66	2.44	2700	2400	0.01
1	1	2340	83.71	2795	2400	0.26	70
1	3	400	14.30	2796	2400	0.21
Core	CPU	Avg_MHz	Busy%	Bzy_MHz	TSC_MHz	IPC	CoreTmp	PkgTmp	PkgWatt	CorWatt	RAMWatt
-	-	732	26.24	2788	2402	0.20	70	70	8.07	6.51	0.26
0	0	96	3.55	2701	2400	0.01	59	70	8.06	6.50	0.26
0	2	80	2.97	2703	2400	0.01
1	1	425	15.25	2788	2400	0.26	70
1	3	2327	83.27	2795	2400	0.21
Core	CPU	Avg_MHz	Busy%	Bzy_MHz	TSC_MHz	IPC	CoreTmp	PkgTmp	PkgWatt	CorWatt	RAMWatt
-	-	734	26.33	2789	2399	0.20	72	72	8.05	6.48	0.26
0	0	96	3.50	2746	2400	0.11	72	72	8.07	6.50	0.26
0	2	1230	44.06	2792	2400	0.20
1	1	93	3.39	2750	2400	0.01	60
1	3	1517	54.34	2792	2400	0.21
Core	CPU	Avg_MHz	Busy%	Bzy_MHz	TSC_MHz	IPC	CoreTmp	PkgTmp	PkgWatt	CorWatt	RAMWatt
-	-	732	26.22	2788	2401	0.20	66	66	8.11	6.56	0.26
0	0	2585	92.51	2794	2400	0.21	61	66	8.09	6.54	0.25
0	2	60	2.18	2778	2400	0.03
1	1	195	7.09	2749	2400	0.11	66
1	3	80	2.95	2704	2400	0.06
Core	CPU	Avg_MHz	Busy%	Bzy_MHz	TSC_MHz	IPC	CoreTmp	PkgTmp	PkgWatt	CorWatt	RAMWatt
-	-	720	25.83	2790	2397	0.23	69	69	8.00	6.46	0.25
0	0	69	2.54	2701	2400	0.01	60	69	8.02	6.48	0.25
0	2	68	2.53	2702	2400	0.01
1	1	2684	96.02	2795	2400	0.25	69
1	3	59	2.11	2795	2400	0.02
Core	CPU	Avg_MHz	Busy%	Bzy_MHz	TSC_MHz	IPC	CoreTmp	PkgTmp	PkgWatt	CorWatt	RAMWatt
-	-	734	26.33	2787	2402	0.21	72	72	8.09	6.51	0.26
0	0	74	2.70	2744	2400	0.04	72	72	8.08	6.51	0.26
0	2	1751	62.71	2792	2400	0.19
1	1	1032	37.04	2787	2400	0.27	60
1	3	77	2.81	2725	2400	0.01
Core	CPU	Avg_MHz	Busy%	Bzy_MHz	TSC_MHz	IPC	CoreTmp	PkgTmp	PkgWatt	CorWatt	RAMWatt
-	-	732	26.36	2786	2392	0.19	69	69	8.06	6.50	0.26
0	0	281	10.09	2788	2400	0.16	60	69	8.09	6.52	0.26
0	2	1999	71.56	2793	2400	0.20
1	1	99	3.65	2717	2400	0.06	69
1	3	563	20.28	2774	2400	0.18
Core	CPU	Avg_MHz	Busy%	Bzy_MHz	TSC_MHz	IPC	CoreTmp	PkgTmp	PkgWatt	CorWatt	RAMWatt
-	-	719	25.74	2790	2404	0.22	70	70	8.09	6.53	0.24
0	0	67	2.48	2701	2400	0.01	60	70	8.06	6.51	0.24
0	2	66	2.46	2700	2400	0.01
1	1	1132	40.49	2795	2400	0.26	70
1	3	1612	57.67	2795	2400	0.21
Core	CPU	Avg_MHz	Busy%	Bzy_MHz	TSC_MHz	IPC	CoreTmp	PkgTmp	PkgWatt	CorWatt	RAMWatt
-	-	733	26.23	2787	2405	0.23	70	70	8.07	6.51	0.26
0	0	100	3.69	2702	2400	0.01	59	70	8.05	6.49	0.26
0	2	84	3.10	2703	2400	0.01
1	1	2341	83.80	2794	2400	0.25	70
1	3	399	14.30	2787	2400	0.23
Core	CPU	Avg_MHz	Busy%	Bzy_MHz	TSC_MHz	IPC	CoreTmp	PkgTmp	PkgWatt	CorWatt	RAMWatt
-	-	732	26.30	2787	2397	0.23	70	70	8.04	6.47	0.26
0	0	79	2.93	2701	2400	0.01	59	70	8.06	6.48	0.26
0	2	98	3.65	2701	2400	0.01
1	1	2688	96.24	2793	2400	0.25	70
1	3	64	2.29	2776	2400	0.01
Core	CPU	Avg_MHz	Busy%	Bzy_MHz	TSC_MHz	IPC	CoreTmp	PkgTmp	PkgWatt	CorWatt	RAMWatt
-	-	732	26.23	2788	2403	0.24	65	65	8.07	6.52	0.25
0	0	88	3.23	2709	2400	0.03	62	65	8.05	6.51	0.25
0	2	73	2.71	2700	2400	0.01
1	1	2674	95.72	2794	2400	0.26	65
1	3	94	3.36	2782	2400	0.08
Core	CPU	Avg_MHz	Busy%	Bzy_MHz	TSC_MHz	IPC	CoreTmp	PkgTmp	PkgWatt	CorWatt	RAMWatt
-	-	720	25.82	2790	2400	0.20	73	73	8.03	6.47	0.25
0	0	2689	96.23	2794	2400	0.21	73	73	8.03	6.47	0.25
0	2	55	1.98	2794	2400	0.01
1	1	67	2.48	2701	2400	0.01	60
1	3	70	2.59	2702	2400	0.01
Core	CPU	Avg_MHz	Busy%	Bzy_MHz	TSC_MHz	IPC	CoreTmp	PkgTmp	PkgWatt	CorWatt	RAMWatt
-	-	735	26.35	2788	2400	0.21	70	70	8.05	6.46	0.26
0	0	1137	40.76	2789	2400	0.20	60	70	8.05	6.46	0.26
0	2	102	3.73	2744	2400	0.01
1	1	1626	58.26	2792	2400	0.24	70
1	3	73	2.65	2743	2400	0.01
Core	CPU	Avg_MHz	Busy%	Bzy_MHz	TSC_MHz	IPC	CoreTmp	PkgTmp	PkgWatt	CorWatt	RAMWatt
-	-	731	26.25	2787	2399	0.23	70	70	8.02	6.47	0.26
0	0	95	3.53	2700	2400	0.10	59	70	8.03	6.47	0.26
0	2	76	2.80	2702	2400	0.03
1	1	2685	96.17	2792	2400	0.24	70
1	3	69	2.47	2778	2400	0.02
Core	CPU	Avg_MHz	Busy%	Bzy_MHz	TSC_MHz	IPC	CoreTmp	PkgTmp	PkgWatt	CorWatt	RAMWatt
-	-	719	25.76	2788	2401	0.24	70	70	8.03	6.49	0.24
0	0	67	2.50	2701	2400	0.01	59	70	8.02	6.48	0.24
0	2	67	2.47	2700	2400	0.01
1	1	2688	96.26	2793	2400	0.26	70
1	3	52	1.85	2796	2400	0.01
Core	CPU	Avg_MHz	Busy%	Bzy_MHz	TSC_MHz	IPC	CoreTmp	PkgTmp	PkgWatt	CorWatt	RAMWatt
-	-	731	26.28	2786	2396	0.21	69	69	8.02	6.47	0.26
0	0	98	3.61	2702	2400	0.01	59	69	8.04	6.48	0.26
0	2	84	3.09	2705	2400	0.01
1	1	656	23.51	2789	2400	0.27	69
1	3	2088	74.78	2793	2400	0.20
Core	CPU	Avg_MHz	Busy%	Bzy_MHz	TSC_MHz	IPC	CoreTmp	PkgTmp	PkgWatt	CorWatt	RAMWatt
-	-	732	26.23	2786	2404	0.22	69	69	8.05	6.50	0.26
0	0	81	2.99	2702	2400	0.03	59	69	8.03	6.48	0.26
0	2	99	3.65	2701	2400	0.02
1	1	1736	62.18	2791	2400	0.25	69
1	3	1009	36.14	2792	2400	0.19
Core	CPU	Avg_MHz	Busy%	Bzy_MHz	TSC_MHz	IPC	CoreTmp	PkgTmp	PkgWatt	CorWatt	RAMWatt
-	-	718	25.75	2788	2400	0.22	70	70	8.05	6.50	0.24
0	0	68	2.51	2701	2400	0.01	59	70	8.05	6.50	0.24
0	2	67	2.46	2700	2400	0.01
1	1	872	31.23	2793	2400	0.27	70
1	3	1865	66.80	2792	2400	0.21
Core	CPU	Avg_MHz	Busy%	Bzy_MHz	TSC_MHz	IPC	CoreTmp	PkgTmp	PkgWatt	CorWatt	RAMWatt
-	-	731	26.24	2785	2400	0.20	69	69	8.06	6.49	0.26
0	0	82	3.04	2704	2400	0.01	59	69	8.06	6.49	0.26
0	2	97	3.58	2700	2400	0.01
1	1	99	3.55	2782	2400	0.03	69
1	3	2645	94.77	2791	2400	0.21
Core	CPU	Avg_MHz	Busy%	Bzy_MHz	TSC_MHz	IPC	CoreTmp	PkgTmp	PkgWatt	CorWatt	RAMWatt
-	-	730	26.23	2785	2398	0.19	72	72	7.99	6.44	0.26
0	0	1486	53.32	2787	2400	0.20	72	72	8.02	6.46	0.26
0	2	78	2.83	2744	2400	0.01
1	1	72	2.64	2733	2400	0.02	60
1	3	1288	46.21	2787	2400	0.20
Core	CPU	Avg_MHz	Busy%	Bzy_MHz	TSC_MHz	IPC	CoreTmp	PkgTmp	PkgWatt	CorWatt	RAMWatt
-	-	730	26.24	2785	2399	0.20	69	69	8.05	6.48	0.27
0	0	2361	84.63	2790	2400	0.21	59	69	8.04	6.48	0.27
0	2	66	2.39	2768	2400	0.01
1	1	412	14.87	2773	2400	0.18	69
1	3	81	2.99	2709	2400	0.01
Core	CPU	Avg_MHz	Busy%	Bzy_MHz	TSC_MHz	IPC	CoreTmp	PkgTmp	PkgWatt	CorWatt	RAMWatt
-	-	722	25.87	2786	2403	0.23	70	70	8.05	6.50	0.24
0	0	68	2.52	2701	2400	0.01	59	70	8.03	6.49	0.24
0	2	80	2.97	2700	2400	0.01
1	1	2677	95.92	2791	2400	0.25	70
1	3	61	2.20	2794	2400	0.01
Core	CPU	Avg_MHz	Busy%	Bzy_MHz	TSC_MHz	IPC	CoreTmp	PkgTmp	PkgWatt	CorWatt	RAMWatt
-	-	730	26.21	2785	2400	0.21	70	70	8.02	6.46	0.26
0	0	207	7.53	2750	2400	0.04	59	70	8.02	6.46	0.26
0	2	83	3.08	2706	2400	0.02
1	1	1043	37.39	2789	2400	0.25	70
1	3	1586	56.84	2791	2400	0.21
Core	CPU	Avg_MHz	Busy%	Bzy_MHz	TSC_MHz	IPC	CoreTmp	PkgTmp	PkgWatt	CorWatt	RAMWatt
-	-	730	26.23	2784	2400	0.21	69	69	8.03	6.47	0.26
0	0	85	3.14	2703	2400	0.01	59	69	8.03	6.47	0.26
0	2	98	3.62	2702	2400	0.01
1	1	1143	40.94	2791	2400	0.24	69
1	3	1596	57.20	2789	2400	0.21
Core	CPU	Avg_MHz	Busy%	Bzy_MHz	TSC_MHz	IPC	CoreTmp	PkgTmp	PkgWatt	CorWatt	RAMWatt
-	-	718	25.75	2787	2400	0.24	70	70	8.02	6.48	0.24
0	0	68	2.53	2701	2400	0.01	59	70	8.02	6.48	0.24
0	2	66	2.46	2700	2400	0.01
1	1	2685	96.18	2792	2400	0.26	70
1	3	51	1.84	2796	2400	0.01
Core	CPU	Avg_MHz	Busy%	Bzy_MHz	TSC_MHz	IPC	CoreTmp	PkgTmp	PkgWatt	CorWatt	RAMWatt
-	-	731	26.26	2783	2400	0.20	72	72	8.01	6.45	0.26
0	0	1768	63.38	2789	2400	0.21	72	72	8.02	6.45	0.26
0	2	591	21.24	2783	2400	0.19
1	1	487	17.54	2774	2400	0.18	60
1	3	78	2.87	2711	2400	0.02
Core	CPU	Avg_MHz	Busy%	Bzy_MHz	TSC_MHz	IPC	CoreTmp	PkgTmp	PkgWatt	CorWatt	RAMWatt
-	-	731	26.28	2785	2396	0.20	70	70	8.03	6.47	0.26
0	0	1464	52.51	2788	2400	0.21	59	70	8.05	6.49	0.27
0	2	72	2.62	2738	2400	0.01
1	1	73	2.67	2732	2400	0.01	70
1	3	1317	47.25	2788	2400	0.20
Core	CPU	Avg_MHz	Busy%	Bzy_MHz	TSC_MHz	IPC	CoreTmp	PkgTmp	PkgWatt	CorWatt	RAMWatt
-	-	730	26.20	2785	2402	0.23	67	66	8.05	6.48	0.26
0	0	184	6.70	2745	2400	0.09	60	66	8.04	6.48	0.26
0	2	83	3.06	2705	2400	0.01
1	1	2589	92.76	2791	2400	0.25	67
1	3	59	2.14	2778	2400	0.02
Core	CPU	Avg_MHz	Busy%	Bzy_MHz	TSC_MHz	IPC	CoreTmp	PkgTmp	PkgWatt	CorWatt	RAMWatt
-	-	721	25.84	2788	2402	0.20	70	70	8.01	6.48	0.24
0	0	68	2.52	2701	2400	0.01	59	70	8.00	6.47	0.24
0	2	69	2.56	2700	2400	0.01
1	1	783	28.04	2792	2400	0.22	70
1	3	1963	70.31	2792	2400	0.21
Core	CPU	Avg_MHz	Busy%	Bzy_MHz	TSC_MHz	IPC	CoreTmp	PkgTmp	PkgWatt	CorWatt	RAMWatt
-	-	730	26.21	2784	2400	0.21	72	72	8.03	6.46	0.26
0	0	74	2.69	2746	2400	0.01	72	72	8.03	6.46	0.26
0	2	1752	62.84	2788	2400	0.19
1	1	1019	36.59	2786	2400	0.26	59
1	3	75	2.74	2727	2400	0.01
Core	CPU	Avg_MHz	Busy%	Bzy_MHz	TSC_MHz	IPC	CoreTmp	PkgTmp	PkgWatt	CorWatt	RAMWatt
-	-	730	26.29	2787	2392	0.20	69	69	8.02	6.46	0.26
0	0	308	11.03	2787	2400	0.19	60	69	8.06	6.49	0.26
0	2	1869	66.95	2791	2400	0.22
1	1	669	24.06	2782	2400	0.18	69
1	3	88	3.22	2724	2400	0.03
Core	CPU	Avg_MHz	Busy%	Bzy_MHz	TSC_MHz	IPC	CoreTmp	PkgTmp	PkgWatt	CorWatt	RAMWatt
-	-	718	25.74	2788	2400	0.24	70	70	8.03	6.49	0.24
0	0	67	2.47	2701	2400	0.01	60	70	8.02	6.49	0.24
0	2	66	2.45	2700	2400	0.01
1	1	2672	95.68	2792	2400	0.26	70
1	3	66	2.37	2795	2400	0.01
Core	CPU	Avg_MHz	Busy%	Bzy_MHz	TSC_MHz	IPC	CoreTmp	PkgTmp	PkgWatt	CorWatt	RAMWatt
-	-	731	26.18	2786	2406	0.20	73	73	8.10	6.53	0.27
0	0	1107	39.68	2789	2400	0.18	73	73	8.08	6.51	0.26
0	2	1185	42.48	2790	2400	0.21
1	1	546	19.65	2778	2400	0.26	59
1	3	76	2.80	2713	2400	0.01
Core	CPU	Avg_MHz	Busy%	Bzy_MHz	TSC_MHz	IPC	CoreTmp	PkgTmp	PkgWatt	CorWatt	RAMWatt
-	-	732	26.26	2786	2401	0.20	70	70	8.08	6.51	0.27
0	0	530	19.02	2787	2400	0.21	60	70	8.07	6.50	0.27
0	2	1165	41.79	2789	2400	0.20
1	1	934	33.48	2788	2400	0.21	70
1	3	298	10.77	2771	2400	0.19
Core	CPU	Avg_MHz	Busy%	Bzy_MHz	TSC_MHz	IPC	CoreTmp	PkgTmp	PkgWatt	CorWatt	RAMWatt
-	-	725	26.02	2787	2400	0.20	68	68	8.05	6.51	0.25
0	0	87	3.23	2701	2400	0.01	62	68	8.05	6.51	0.25
0	2	71	2.63	2700	2400	0.01
1	1	54	1.93	2789	2400	0.02	68
1	3	2689	96.29	2792	2400	0.22
Core	CPU	Avg_MHz	Busy%	Bzy_MHz	TSC_MHz	IPC	CoreTmp	PkgTmp	PkgWatt	CorWatt	RAMWatt
-	-	725	26.02	2787	2399	0.20	73	73	8.04	6.48	0.26
0	0	272	9.76	2790	2400	0.16	73	73	8.06	6.49	0.26
0	2	2473	88.56	2793	2400	0.21
1	1	78	2.88	2703	2400	0.05	60
1	3	77	2.85	2700	2400	0.01
Core	CPU	Avg_MHz	Busy%	Bzy_MHz	TSC_MHz	IPC	CoreTmp	PkgTmp	PkgWatt	CorWatt	RAMWatt
-	-	732	26.28	2787	2399	0.19	73	73	8.05	6.48	0.26
0	0	2574	92.17	2793	2400	0.21	73	73	8.06	6.49	0.27
0	2	72	2.61	2776	2400	0.01
1	1	81	2.99	2705	2400	0.01	60
1	3	205	7.45	2750	2400	0.08
Core	CPU	Avg_MHz	Busy%	Bzy_MHz	TSC_MHz	IPC	CoreTmp	PkgTmp	PkgWatt	CorWatt	RAMWatt
-	-	731	26.24	2786	2401	0.19	72	72	8.11	6.53	0.27
0	0	2221	79.54	2792	2400	0.22	72	72	8.10	6.52	0.27
0	2	521	18.65	2792	2400	0.16
1	1	99	3.68	2702	2400	0.03	60
1	3	82	3.03	2702	2400	0.02
Core	CPU	Avg_MHz	Busy%	Bzy_MHz	TSC_MHz	IPC	CoreTmp	PkgTmp	PkgWatt	CorWatt	RAMWatt
-	-	718	25.74	2789	2401	0.20	72	72	8.09	6.55	0.24
0	0	53	1.90	2797	2400	0.02	72	72	8.08	6.54	0.24
0	2	2690	96.29	2793	2400	0.21
1	1	64	2.38	2701	2400	0.01	60
1	3	66	2.46	2700	2400	0.01
Core	CPU	Avg_MHz	Busy%	Bzy_MHz	TSC_MHz	IPC	CoreTmp	PkgTmp	PkgWatt	CorWatt	RAMWatt
-	-	732	26.29	2786	2400	0.22	70	70	8.02	6.46	0.26
0	0	101	3.71	2734	2400	0.01	59	70	8.02	6.46	0.26
0	2	694	24.94	2783	2400	0.21
1	1	2064	73.95	2791	2400	0.25	70
1	3	70	2.56	2754	2400	0.01
Core	CPU	Avg_MHz	Busy%	Bzy_MHz	TSC_MHz	IPC	CoreTmp	PkgTmp	PkgWatt	CorWatt	RAMWatt
-	-	733	26.30	2787	2400	0.22	70	70	8.04	6.47	0.26
0	0	79	2.92	2701	2400	0.02	59	70	8.04	6.47	0.26
0	2	77	2.86	2700	2400	0.01
1	1	1775	63.59	2791	2400	0.26	70
1	3	1000	35.83	2792	2400	0.18
Core	CPU	Avg_MHz	Busy%	Bzy_MHz	TSC_MHz	IPC	CoreTmp	PkgTmp	PkgWatt	CorWatt	RAMWatt
-	-	718	25.74	2788	2400	0.24	70	70	8.02	6.48	0.24
0	0	68	2.50	2701	2400	0.01	59	70	8.02	6.48	0.24
0	2	66	2.45	2700	2400	0.01
1	1	2437	87.27	2792	2400	0.26	70
1	3	300	10.74	2793	2400	0.19
Core	CPU	Avg_MHz	Busy%	Bzy_MHz	TSC_MHz	IPC	CoreTmp	PkgTmp	PkgWatt	CorWatt	RAMWatt
-	-	731	26.27	2784	2400	0.20	72	72	8.04	6.46	0.26
0	0	425	15.25	2785	2400	0.16	72	72	8.04	6.46	0.26
0	2	2183	78.23	2790	2400	0.21
1	1	240	8.70	2755	2400	0.15	60
1	3	78	2.89	2705	2400	0.01
Core	CPU	Avg_MHz	Busy%	Bzy_MHz	TSC_MHz	IPC	CoreTmp	PkgTmp	PkgWatt	CorWatt	RAMWatt
-	-	730	26.22	2784	2400	0.20	70	70	8.04	6.48	0.26
0	0	72	2.64	2735	2400	0.01	59	70	8.04	6.48	0.26
0	2	1330	47.74	2787	2400	0.22
1	1	72	2.62	2735	2400	0.01	70
1	3	1446	51.90	2787	2400	0.20
Core	CPU	Avg_MHz	Busy%	Bzy_MHz	TSC_MHz	IPC	CoreTmp	PkgTmp	PkgWatt	CorWatt	RAMWatt
-	-	730	26.23	2784	2400	0.22	70	70	8.02	6.46	0.26
0	0	363	13.12	2769	2400	0.15	70	70	8.03	6.46	0.26
0	2	79	2.94	2707	2400	0.01
1	1	2145	76.92	2789	2400	0.25	60
1	3	332	11.93	2786	2400	0.17
Core	CPU	Avg_MHz	Busy%	Bzy_MHz	TSC_MHz	IPC	CoreTmp	PkgTmp	PkgWatt	CorWatt	RAMWatt
-	-	716	25.70	2786	2400	0.20	72	72	7.99	6.45	0.24
0	0	2681	96.09	2790	2400	0.21	72	72	7.99	6.45	0.24
0	2	51	1.81	2798	2400	0.02
1	1	65	2.39	2701	2400	0.01	60
1	3	67	2.49	2700	2400	0.01
Core	CPU	Avg_MHz	Busy%	Bzy_MHz	TSC_MHz	IPC	CoreTmp	PkgTmp	PkgWatt	CorWatt	RAMWatt
-	-	729	26.30	2782	2392	0.22	70	70	7.96	6.40	0.26
0	0	886	31.86	2781	2400	0.23	59	70	8.00	6.43	0.26
0	2	70	2.57	2722	2400	0.02
1	1	1721	61.74	2787	2400	0.25	70
1	3	251	9.06	2771	2400	0.07
Core	CPU	Avg_MHz	Busy%	Bzy_MHz	TSC_MHz	IPC	CoreTmp	PkgTmp	PkgWatt	CorWatt	RAMWatt
-	-	730	26.13	2782	2408	0.22	72	72	8.06	6.48	0.27
0	0	789	28.39	2780	2400	0.17	72	72	8.02	6.44	0.26
0	2	94	3.47	2714	2400	0.01
1	1	1696	60.86	2787	2400	0.26	60
1	3	329	11.82	2783	2400	0.17
Core	CPU	Avg_MHz	Busy%	Bzy_MHz	TSC_MHz	IPC	CoreTmp	PkgTmp	PkgWatt	CorWatt	RAMWatt
-	-	715	25.69	2784	2400	0.20	72	72	7.97	6.44	0.24
0	0	2677	95.99	2789	2400	0.22	72	72	7.97	6.44	0.24
0	2	51	1.81	2798	2400	0.02
1	1	66	2.44	2701	2400	0.01	60
1	3	68	2.53	2700	2400	0.01
Core	CPU	Avg_MHz	Busy%	Bzy_MHz	TSC_MHz	IPC	CoreTmp	PkgTmp	PkgWatt	CorWatt	RAMWatt
-	-	730	26.21	2783	2400	0.23	69	69	8.00	6.44	0.26
0	0	440	15.87	2770	2400	0.21	59	69	8.00	6.44	0.26
0	2	76	2.81	2710	2400	0.01
1	1	2335	83.71	2789	2400	0.24	69
1	3	68	2.46	2762	2400	0.01
Core	CPU	Avg_MHz	Busy%	Bzy_MHz	TSC_MHz	IPC	CoreTmp	PkgTmp	PkgWatt	CorWatt	RAMWatt
-	-	729	26.21	2783	2399	0.22	72	72	7.99	6.44	0.26
0	0	76	2.78	2732	2400	0.02	72	72	8.00	6.45	0.26
0	2	1239	44.50	2784	2400	0.19
1	1	1530	54.90	2786	2400	0.26	60
1	3	72	2.61	2740	2400	0.03
Core	CPU	Avg_MHz	Busy%	Bzy_MHz	TSC_MHz	IPC	CoreTmp	PkgTmp	PkgWatt	CorWatt	RAMWatt
-	-	731	26.29	2781	2401	0.20	65	65	8.05	6.50	0.26
0	0	88	3.15	2783	2400	0.01	62	65	8.04	6.49	0.26
0	2	2597	93.18	2787	2400	0.22
1	1	77	2.84	2703	2400	0.01	65
1	3	164	6.03	2720	2400	0.10
Core	CPU	Avg_MHz	Busy%	Bzy_MHz	TSC_MHz	IPC	CoreTmp	PkgTmp	PkgWatt	CorWatt	RAMWatt
-	-	717	25.74	2785	2400	0.19	69	69	8.00	6.44	0.25
0	0	71	2.64	2702	2400	0.01	60	69	8.00	6.44	0.25
0	2	69	2.55	2700	2400	0.01
1	1	52	1.85	2793	2400	0.02	69
1	3	2676	95.94	2789	2400	0.20
Core	CPU	Avg_MHz	Busy%	Bzy_MHz	TSC_MHz	IPC	CoreTmp	PkgTmp	PkgWatt	CorWatt	RAMWatt
-	-	727	26.16	2781	2400	0.20	72	72	7.99	6.43	0.26
0	0	1660	59.61	2784	2400	0.19	72	72	7.99	6.43	0.26
0	2	72	2.61	2742	2400	0.07
1	1	73	2.68	2727	2400	0.04	60
1	3	1106	39.74	2783	2400	0.22
Core	CPU	Avg_MHz	Busy%	Bzy_MHz	TSC_MHz	IPC	CoreTmp	PkgTmp	PkgWatt	CorWatt	RAMWatt
-	-	727	26.15	2780	2399	0.19	72	72	7.96	6.41	0.26
0	0	2204	79.12	2785	2400	0.21	72	72	7.98	6.42	0.26
0	2	525	18.84	2786	2400	0.17
1	1	83	3.06	2705	2400	0.02	60
1	3	100	3.69	2702	2400	0.01
Core	CPU	Avg_MHz	Busy%	Bzy_MHz	TSC_MHz	IPC	CoreTmp	PkgTmp	PkgWatt	CorWatt	RAMWatt
-	-	713	25.61	2782	2401	0.20	72	72	7.96	6.42	0.24
0	0	2662	95.57	2786	2400	0.22	72	72	7.95	6.41	0.24
0	2	50	1.80	2798	2400	0.02
1	1	66	2.45	2701	2400	0.01	60
1	3	67	2.49	2700	2400	0.01
Core	CPU	Avg_MHz	Busy%	Bzy_MHz	TSC_MHz	IPC	CoreTmp	PkgTmp	PkgWatt	CorWatt	RAMWatt
-	-	729	26.23	2779	2400	0.19	72	72	7.98	6.42	0.27
0	0	697	25.03	2782	2400	0.21	72	72	7.98	6.42	0.27
0	2	1929	69.25	2785	2400	0.21
1	1	102	3.77	2705	2400	0.01	60
1	3	188	6.86	2740	2400	0.08
Core	CPU	Avg_MHz	Busy%	Bzy_MHz	TSC_MHz	IPC	CoreTmp	PkgTmp	PkgWatt	CorWatt	RAMWatt
-	-	727	26.15	2780	2400	0.20	72	72	7.99	6.43	0.26
0	0	923	33.13	2785	2400	0.19	72	72	7.99	6.43	0.26
0	2	1805	64.82	2785	2400	0.22
1	1	80	2.97	2703	2400	0.02	59
1	3	99	3.67	2700	2400	0.01
Core	CPU	Avg_MHz	Busy%	Bzy_MHz	TSC_MHz	IPC	CoreTmp	PkgTmp	PkgWatt	CorWatt	RAMWatt
-	-	717	25.80	2781	2399	0.20	72	72	7.94	6.41	0.24
0	0	2486	89.26	2786	2400	0.21	72	72	7.96	6.42	0.24
0	2	245	8.78	2785	2400	0.25
1	1	77	2.87	2701	2400	0.01	60
1	3	67	2.47	2700	2400	0.01
Core	CPU	Avg_MHz	Busy%	Bzy_MHz	TSC_MHz	IPC	CoreTmp	PkgTmp	PkgWatt	CorWatt	RAMWatt
-	-	726	26.10	2778	2402	0.19	72	72	7.98	6.41	0.26
0	0	2549	91.55	2784	2400	0.21	72	72	7.96	6.40	0.26
0	2	62	2.24	2773	2400	0.01
1	1	80	2.96	2706	2400	0.03	60
1	3	205	7.47	2743	2400	0.05
Core	CPU	Avg_MHz	Busy%	Bzy_MHz	TSC_MHz	IPC	CoreTmp	PkgTmp	PkgWatt	CorWatt	RAMWatt
-	-	726	26.13	2779	2400	0.19	69	69	7.96	6.41	0.26
0	0	1409	50.68	2781	2400	0.21	60	69	7.96	6.41	0.26
0	2	69	2.52	2737	2400	0.01
1	1	71	2.61	2733	2400	0.01	69
1	3	1355	48.70	2782	2400	0.19
Core	CPU	Avg_MHz	Busy%	Bzy_MHz	TSC_MHz	IPC	CoreTmp	PkgTmp	PkgWatt	CorWatt	RAMWatt
-	-	726	26.12	2780	2400	0.23	68	68	7.98	6.42	0.26
0	0	81	3.00	2704	2400	0.01	68	68	7.98	6.42	0.26
0	2	253	9.18	2753	2400	0.06
1	1	2216	79.54	2785	2400	0.26	60
1	3	354	12.73	2783	2400	0.23
Core	CPU	Avg_MHz	Busy%	Bzy_MHz	TSC_MHz	IPC	CoreTmp	PkgTmp	PkgWatt	CorWatt	RAMWatt
-	-	713	25.63	2781	2399	0.20	72	72	7.96	6.41	0.24
0	0	54	1.92	2795	2400	0.02	72	72	7.97	6.42	0.24
0	2	2664	95.68	2785	2400	0.21
1	1	64	2.38	2701	2400	0.01	60
1	3	68	2.52	2700	2400	0.01
Core	CPU	Avg_MHz	Busy%	Bzy_MHz	TSC_MHz	IPC	CoreTmp	PkgTmp	PkgWatt	CorWatt	RAMWatt
-	-	727	26.14	2779	2401	0.22	69	69	7.98	6.42	0.26
0	0	75	2.73	2730	2400	0.02	60	69	7.97	6.41	0.26
0	2	1120	40.29	2779	2400	0.20
1	1	1622	58.27	2784	2400	0.25	69
1	3	90	3.29	2733	2400	0.10
Core	CPU	Avg_MHz	Busy%	Bzy_MHz	TSC_MHz	IPC	CoreTmp	PkgTmp	PkgWatt	CorWatt	RAMWatt
-	-	727	26.16	2779	2399	0.23	72	72	7.95	6.40	0.26
0	0	77	2.85	2715	2400	0.01	72	72	7.97	6.41	0.26
0	2	647	23.33	2775	2400	0.18
1	1	2105	75.62	2784	2400	0.25	60
1	3	77	2.79	2761	2400	0.01
Core	CPU	Avg_MHz	Busy%	Bzy_MHz	TSC_MHz	IPC	CoreTmp	PkgTmp	PkgWatt	CorWatt	RAMWatt
-	-	715	25.66	2784	2401	0.20	72	72	8.03	6.48	0.24
0	0	53	1.90	2797	2400	0.01	72	72	8.01	6.47	0.24
0	2	2674	95.92	2788	2400	0.22
1	1	64	2.35	2701	2400	0.01	60
1	3	68	2.52	2700	2400	0.01
Core	CPU	Avg_MHz	Busy%	Bzy_MHz	TSC_MHz	IPC	CoreTmp	PkgTmp	PkgWatt	CorWatt	RAMWatt
-	-	727	26.20	2781	2396	0.19	70	70	7.97	6.42	0.26
0	0	77	2.84	2715	2400	0.01	59	70	7.99	6.44	0.26
0	2	612	22.04	2778	2400	0.20
1	1	65	2.37	2760	2400	0.01	70
1	3	2157	77.44	2785	2400	0.20
Core	CPU	Avg_MHz	Busy%	Bzy_MHz	TSC_MHz	IPC	CoreTmp	PkgTmp	PkgWatt	CorWatt	RAMWatt
-	-	727	26.13	2779	2403	0.21	73	73	8.00	6.41	0.27
0	0	77	2.83	2724	2400	0.03	73	73	8.00	6.41	0.27
0	2	1057	38.05	2778	2400	0.17
1	1	1698	61.02	2783	2400	0.26	60
1	3	70	2.54	2744	2400	0.03
Core	CPU	Avg_MHz	Busy%	Bzy_MHz	TSC_MHz	IPC	CoreTmp	PkgTmp	PkgWatt	CorWatt	RAMWatt
-	-	714	25.65	2783	2401	0.20	73	73	8.00	6.46	0.24
0	0	53	1.89	2796	2400	0.02	73	73	7.98	6.45	0.24
0	2	2673	95.90	2787	2400	0.22
1	1	64	2.37	2701	2400	0.01	59
1	3	67	2.49	2700	2400	0.01
Core	CPU	Avg_MHz	Busy%	Bzy_MHz	TSC_MHz	IPC	CoreTmp	PkgTmp	PkgWatt	CorWatt	RAMWatt
-	-	727	26.16	2780	2400	0.19	70	70	7.99	6.43	0.26
0	0	80	2.95	2705	2400	0.01	59	70	7.98	6.43	0.26
0	2	205	7.48	2746	2400	0.15
1	1	64	2.32	2769	2400	0.02	70
1	3	2559	91.89	2785	2400	0.21
Core	CPU	Avg_MHz	Busy%	Bzy_MHz	TSC_MHz	IPC	CoreTmp	PkgTmp	PkgWatt	CorWatt	RAMWatt
-	-	726	26.11	2779	2400	0.19	72	72	7.96	6.41	0.26
0	0	1462	52.55	2782	2400	0.19	72	72	7.96	6.41	0.26
0	2	73	2.67	2737	2400	0.01
1	1	69	2.51	2733	2400	0.01	60
1	3	1300	46.73	2781	2400	0.22
Core	CPU	Avg_MHz	Busy%	Bzy_MHz	TSC_MHz	IPC	CoreTmp	PkgTmp	PkgWatt	CorWatt	RAMWatt
-	-	726	26.13	2778	2400	0.20	69	69	7.98	6.41	0.26
0	0	2399	86.20	2783	2400	0.21	60	69	7.98	6.41	0.26
0	2	65	2.36	2771	2400	0.04
1	1	94	3.49	2707	2400	0.06	69
1	3	345	12.47	2765	2400	0.13
Core	CPU	Avg_MHz	Busy%	Bzy_MHz	TSC_MHz	IPC	CoreTmp	PkgTmp	PkgWatt	CorWatt	RAMWatt
-	-	714	25.68	2782	2400	0.24	70	70	7.97	6.42	0.24
0	0	69	2.57	2701	2400	0.02	59	70	7.97	6.42	0.24
0	2	68	2.53	2700	2400	0.01
1	1	2340	84.00	2786	2400	0.26	70
1	3	379	13.61	2788	2400	0.16
Core	CPU	Avg_MHz	Busy%	Bzy_MHz	TSC_MHz	IPC	CoreTmp	PkgTmp	PkgWatt	CorWatt	RAMWatt
-	-	741	26.87	2775	2384	0.22	68	69	7.93	6.37	0.27
0	0	103	3.82	2700	2400	0.01	60	69	8.02	6.44	0.27
0	2	110	4.06	2701	2400	0.01
1	1	2660	95.61	2782	2400	0.24	68
1	3	104	3.78	2765	2400	0.01
